/*
 Navicat Premium Data Transfer

 Source Server         : 101.37.255.51(xzs)
 Source Server Type    : MySQL
 Source Server Version : 50708
 Source Host           : 101.37.255.51:3306
 Source Schema         : ruoyi-vue-activiti7

 Target Server Type    : MySQL
 Target Server Version : 50708
 File Encoding         : 65001

 Date: 18/04/2023 16:31:47
*/

SET NAMES utf8mb4;
SET FOREIGN_KEY_CHECKS = 0;

-- ----------------------------
-- Table structure for act_evt_log
-- ----------------------------
DROP TABLE IF EXISTS `act_evt_log`;
CREATE TABLE `act_evt_log`  (
  `LOG_NR_` bigint(20) NOT NULL AUTO_INCREMENT,
  `TYPE_` varchar(64) CHARACTER SET utf8 COLLATE utf8_bin NULL DEFAULT NULL,
  `PROC_DEF_ID_` varchar(64) CHARACTER SET utf8 COLLATE utf8_bin NULL DEFAULT NULL,
  `PROC_INST_ID_` varchar(64) CHARACTER SET utf8 COLLATE utf8_bin NULL DEFAULT NULL,
  `EXECUTION_ID_` varchar(64) CHARACTER SET utf8 COLLATE utf8_bin NULL DEFAULT NULL,
  `TASK_ID_` varchar(64) CHARACTER SET utf8 COLLATE utf8_bin NULL DEFAULT NULL,
  `TIME_STAMP_` timestamp(3) NOT NULL,
  `USER_ID_` varchar(255) CHARACTER SET utf8 COLLATE utf8_bin NULL DEFAULT NULL,
  `DATA_` longblob NULL,
  `LOCK_OWNER_` varchar(255) CHARACTER SET utf8 COLLATE utf8_bin NULL DEFAULT NULL,
  `LOCK_TIME_` timestamp(3) NULL DEFAULT NULL,
  `IS_PROCESSED_` tinyint(4) NULL DEFAULT 0,
  PRIMARY KEY (`LOG_NR_`) USING BTREE
) ENGINE = InnoDB AUTO_INCREMENT = 1 CHARACTER SET = utf8 COLLATE = utf8_bin ROW_FORMAT = Compact;

-- ----------------------------
-- Records of act_evt_log
-- ----------------------------

-- ----------------------------
-- Table structure for act_ge_bytearray
-- ----------------------------
DROP TABLE IF EXISTS `act_ge_bytearray`;
CREATE TABLE `act_ge_bytearray`  (
  `ID_` varchar(64) CHARACTER SET utf8 COLLATE utf8_bin NOT NULL,
  `REV_` int(11) NULL DEFAULT NULL,
  `NAME_` varchar(255) CHARACTER SET utf8 COLLATE utf8_bin NULL DEFAULT NULL,
  `DEPLOYMENT_ID_` varchar(64) CHARACTER SET utf8 COLLATE utf8_bin NULL DEFAULT NULL,
  `BYTES_` longblob NULL,
  `GENERATED_` tinyint(4) NULL DEFAULT NULL,
  PRIMARY KEY (`ID_`) USING BTREE,
  INDEX `ACT_FK_BYTEARR_DEPL`(`DEPLOYMENT_ID_`) USING BTREE,
  CONSTRAINT `ACT_FK_BYTEARR_DEPL` FOREIGN KEY (`DEPLOYMENT_ID_`) REFERENCES `act_re_deployment` (`ID_`) ON DELETE RESTRICT ON UPDATE RESTRICT
) ENGINE = InnoDB CHARACTER SET = utf8 COLLATE = utf8_bin ROW_FORMAT = Compact;

-- ----------------------------
-- Records of act_ge_bytearray
-- ----------------------------
INSERT INTO `act_ge_bytearray` VALUES ('1b77c55b-dd8b-11ed-a2d6-4ccc6a6d7a36', 1, 'leave.bpmn', '1b77c55a-dd8b-11ed-a2d6-4ccc6a6d7a36', 0x3C3F786D6C2076657273696F6E3D22312E302220656E636F64696E673D225554462D38223F3E0D0A3C646566696E6974696F6E7320786D6C6E733D22687474703A2F2F7777772E6F6D672E6F72672F737065632F42504D4E2F32303130303532342F4D4F44454C2220786D6C6E733A7873693D22687474703A2F2F7777772E77332E6F72672F323030312F584D4C536368656D612D696E7374616E63652220786D6C6E733A61637469766974693D22687474703A2F2F61637469766974692E6F72672F62706D6E2220786D6C6E733A62706D6E64693D22687474703A2F2F7777772E6F6D672E6F72672F737065632F42504D4E2F32303130303532342F44492220786D6C6E733A6F6D6764633D22687474703A2F2F7777772E6F6D672E6F72672F737065632F44442F32303130303532342F44432220786D6C6E733A6F6D6764693D22687474703A2F2F7777772E6F6D672E6F72672F737065632F44442F32303130303532342F44492220786D6C6E733A7873643D22687474703A2F2F7777772E77332E6F72672F323030312F584D4C536368656D6122207461726765744E616D6573706163653D22687474703A2F2F7777772E6B6166656974752E6D652F61637469766974692F6C65617665223E0D0A20203C70726F636573732069643D226C6561766522206E616D653D22E8AFB7E58187E6B581E7A88B2DE699AEE9809AE8A1A8E58D952220697345786563757461626C653D2274727565223E0D0A202020203C646F63756D656E746174696F6E3EE8AFB7E58187E6B581E7A88BE6BC94E7A4BA3C2F646F63756D656E746174696F6E3E0D0A202020203C73746172744576656E742069643D2273746172746576656E743122206E616D653D22537461727422202F3E0D0A202020203C757365725461736B2069643D22646570744C656164657256657269667922206E616D653D22E983A8E997A8E9A286E5AFBCE5AEA1E689B9222061637469766974693A666F726D4B65793D22646570744C6561646572566572696679222061637469766974693A63616E64696461746555736572733D22247B646570744C65616465727D223E0D0A2020202020203C657874656E73696F6E456C656D656E74733E0D0A20202020202020203C61637469766974693A666F726D50726F70657274792069643D22466F726D50726F70657274795F337169706973322D2D5F5F2121726164696F2D2D5F5F2121E5AEA1E689B9E6848FE8A7812D2D5F5F2121692D2D5F5F2121E5908CE6848F2D2D5F5F2D2DE4B88DE5908CE6848F2220747970653D22737472696E6722202F3E0D0A20202020202020203C61637469766974693A666F726D50726F70657274792069643D22466F726D50726F70657274795F306C666670636D2D2D5F5F212174657874617265612D2D5F5F2121E689B9E6B3A82D2D5F5F2121665F5F21216E756C6C2220747970653D22737472696E6722202F3E0D0A2020202020203C2F657874656E73696F6E456C656D656E74733E0D0A202020203C2F757365725461736B3E0D0A202020203C6578636C7573697665476174657761792069643D226578636C75736976656761746577617935223E0D0A2020202020203C6F7574676F696E673E466C6F775F30713362626A6C3C2F6F7574676F696E673E0D0A202020203C2F6578636C7573697665476174657761793E0D0A202020203C757365725461736B2069643D22687256657269667922206E616D653D22E4BABAE4BA8BE5AEA1E689B9222061637469766974693A666F726D4B65793D226872566572696679222061637469766974693A63616E64696461746547726F7570733D226872223E0D0A2020202020203C657874656E73696F6E456C656D656E74733E0D0A20202020202020203C61637469766974693A666F726D50726F70657274792069643D22466F726D50726F70657274795F32337539356A622D2D5F5F2121726164696F2D2D5F5F2121E5AEA1E689B9E6848FE8A7812D2D5F5F2121692D2D5F5F2121E5908CE6848F2D2D5F5F2D2DE4B88DE5908CE6848F2220747970653D22737472696E6722202F3E0D0A20202020202020203C61637469766974693A666F726D50726F70657274792069643D22466F726D50726F70657274795F33743774666B762D2D5F5F212174657874617265612D2D5F5F2121E689B9E6B3A82D2D5F5F2121662D2D5F5F21216E756C6C2220747970653D22737472696E6722202F3E0D0A2020202020203C2F657874656E73696F6E456C656D656E74733E0D0A202020203C2F757365725461736B3E0D0A202020203C6578636C7573697665476174657761792069643D226578636C75736976656761746577617936223E0D0A2020202020203C6F7574676F696E673E466C6F775F307038353935343C2F6F7574676F696E673E0D0A2020202020203C6F7574676F696E673E466C6F775F306A69377163763C2F6F7574676F696E673E0D0A202020203C2F6578636C7573697665476174657761793E0D0A202020203C656E644576656E742069643D22656E646576656E743122206E616D653D22456E64223E0D0A2020202020203C696E636F6D696E673E466C6F775F307038353935343C2F696E636F6D696E673E0D0A2020202020203C696E636F6D696E673E466C6F775F306A69377163763C2F696E636F6D696E673E0D0A2020202020203C696E636F6D696E673E466C6F775F30713362626A6C3C2F696E636F6D696E673E0D0A202020203C2F656E644576656E743E0D0A202020203C73657175656E6365466C6F772069643D22666C6F77322220736F757263655265663D2273746172746576656E743122207461726765745265663D22646570744C656164657256657269667922202F3E0D0A202020203C73657175656E6365466C6F772069643D22666C6F77332220736F757263655265663D22646570744C656164657256657269667922207461726765745265663D226578636C7573697665676174657761793522202F3E0D0A202020203C73657175656E6365466C6F772069643D22666C6F773522206E616D653D22E5908CE6848F2220736F757263655265663D226578636C7573697665676174657761793522207461726765745265663D226872566572696679223E0D0A2020202020203C636F6E646974696F6E45787072657373696F6E207873693A747970653D2274466F726D616C45787072657373696F6E223E247B466F726D50726F70657274795F337169706973323D3D307D3C2F636F6E646974696F6E45787072657373696F6E3E0D0A202020203C2F73657175656E6365466C6F773E0D0A202020203C73657175656E6365466C6F772069643D22666C6F77362220736F757263655265663D22687256657269667922207461726765745265663D226578636C7573697665676174657761793622202F3E0D0A202020203C73657175656E6365466C6F772069643D22466C6F775F307038353935342220736F757263655265663D226578636C7573697665676174657761793622207461726765745265663D22656E646576656E7431223E0D0A2020202020203C657874656E73696F6E456C656D656E74733E0D0A20202020202020203C61637469766974693A657865637574696F6E4C697374656E657220636C6173733D22636F6D2E72756F79692E6C656176652E696E7374656E65722E4C65617665456E6453746174654C697374656E657222206576656E743D2274616B65223E0D0A202020202020202020203C61637469766974693A6669656C64206E616D653D227374617465223E0D0A2020202020202020202020203C61637469766974693A737472696E673E313C2F61637469766974693A737472696E673E0D0A202020202020202020203C2F61637469766974693A6669656C643E0D0A20202020202020203C2F61637469766974693A657865637574696F6E4C697374656E65723E0D0A2020202020203C2F657874656E73696F6E456C656D656E74733E0D0A2020202020203C636F6E646974696F6E45787072657373696F6E207873693A747970653D2274466F726D616C45787072657373696F6E223E247B466F726D50726F70657274795F32337539356A623D3D307D3C2F636F6E646974696F6E45787072657373696F6E3E0D0A202020203C2F73657175656E6365466C6F773E0D0A202020203C73657175656E6365466C6F772069643D22466C6F775F306A69377163762220736F757263655265663D226578636C7573697665676174657761793622207461726765745265663D22656E646576656E7431223E0D0A2020202020203C657874656E73696F6E456C656D656E74733E0D0A20202020202020203C61637469766974693A657865637574696F6E4C697374656E657220636C6173733D22636F6D2E72756F79692E6C656176652E696E7374656E65722E4C65617665456E6453746174654C697374656E657222206576656E743D2274616B65223E0D0A202020202020202020203C61637469766974693A6669656C64206E616D653D227374617465223E0D0A2020202020202020202020203C61637469766974693A737472696E673E323C2F61637469766974693A737472696E673E0D0A202020202020202020203C2F61637469766974693A6669656C643E0D0A20202020202020203C2F61637469766974693A657865637574696F6E4C697374656E65723E0D0A2020202020203C2F657874656E73696F6E456C656D656E74733E0D0A202020203C2F73657175656E6365466C6F773E0D0A202020203C73657175656E6365466C6F772069643D22466C6F775F30713362626A6C2220736F757263655265663D226578636C7573697665676174657761793522207461726765745265663D22656E646576656E7431223E0D0A2020202020203C657874656E73696F6E456C656D656E74733E0D0A20202020202020203C61637469766974693A657865637574696F6E4C697374656E657220636C6173733D22636F6D2E72756F79692E6C656176652E696E7374656E65722E4C65617665456E6453746174654C697374656E657222206576656E743D2274616B65223E0D0A202020202020202020203C61637469766974693A6669656C64206E616D653D227374617465223E0D0A2020202020202020202020203C61637469766974693A737472696E673E323C2F61637469766974693A737472696E673E0D0A202020202020202020203C2F61637469766974693A6669656C643E0D0A20202020202020203C2F61637469766974693A657865637574696F6E4C697374656E65723E0D0A2020202020203C2F657874656E73696F6E456C656D656E74733E0D0A202020203C2F73657175656E6365466C6F773E0D0A20203C2F70726F636573733E0D0A20203C62706D6E64693A42504D4E4469616772616D2069643D2242504D4E4469616772616D5F6C65617665223E0D0A202020203C62706D6E64693A42504D4E506C616E652069643D2242504D4E506C616E655F6C65617665222062706D6E456C656D656E743D226C65617665223E0D0A2020202020203C62706D6E64693A42504D4E456467652069643D22466C6F775F30713362626A6C5F6469222062706D6E456C656D656E743D22466C6F775F30713362626A6C223E0D0A20202020202020203C6F6D6764693A776179706F696E7420783D223236302220793D22383322202F3E0D0A20202020202020203C6F6D6764693A776179706F696E7420783D223236302220793D2231343022202F3E0D0A20202020202020203C6F6D6764693A776179706F696E7420783D223538322220793D2231343022202F3E0D0A2020202020203C2F62706D6E64693A42504D4E456467653E0D0A2020202020203C62706D6E64693A42504D4E456467652069643D22466C6F775F306A69377163765F6469222062706D6E456C656D656E743D22466C6F775F306A6937716376223E0D0A20202020202020203C6F6D6764693A776179706F696E7420783D223530352220793D22383322202F3E0D0A20202020202020203C6F6D6764693A776179706F696E7420783D223530352220793D2231343022202F3E0D0A20202020202020203C6F6D6764693A776179706F696E7420783D223538322220793D2231343022202F3E0D0A2020202020203C2F62706D6E64693A42504D4E456467653E0D0A2020202020203C62706D6E64693A42504D4E456467652069643D22466C6F775F307038353935345F6469222062706D6E456C656D656E743D22466C6F775F30703835393534223E0D0A20202020202020203C6F6D6764693A776179706F696E7420783D223532352220793D22363322202F3E0D0A20202020202020203C6F6D6764693A776179706F696E7420783D223630302220793D22363322202F3E0D0A20202020202020203C6F6D6764693A776179706F696E7420783D223630302220793D2231323222202F3E0D0A2020202020203C2F62706D6E64693A42504D4E456467653E0D0A2020202020203C62706D6E64693A42504D4E456467652069643D2242504D4E456467655F666C6F7736222062706D6E456C656D656E743D22666C6F7736223E0D0A20202020202020203C6F6D6764693A776179706F696E7420783D223435332220793D22363322202F3E0D0A20202020202020203C6F6D6764693A776179706F696E7420783D223438352220793D22363322202F3E0D0A2020202020203C2F62706D6E64693A42504D4E456467653E0D0A2020202020203C62706D6E64693A42504D4E456467652069643D2242504D4E456467655F666C6F7735222062706D6E456C656D656E743D22666C6F7735223E0D0A20202020202020203C6F6D6764693A776179706F696E7420783D223238302220793D22363322202F3E0D0A20202020202020203C6F6D6764693A776179706F696E7420783D223334382220793D22363322202F3E0D0A20202020202020203C62706D6E64693A42504D4E4C6162656C3E0D0A202020202020202020203C6F6D6764633A426F756E647320783D223330302220793D223436222077696474683D22323222206865696768743D22313122202F3E0D0A20202020202020203C2F62706D6E64693A42504D4E4C6162656C3E0D0A2020202020203C2F62706D6E64693A42504D4E456467653E0D0A2020202020203C62706D6E64693A42504D4E456467652069643D2242504D4E456467655F666C6F7733222062706D6E456C656D656E743D22666C6F7733223E0D0A20202020202020203C6F6D6764693A776179706F696E7420783D223138352220793D22363322202F3E0D0A20202020202020203C6F6D6764693A776179706F696E7420783D223234302220793D22363322202F3E0D0A2020202020203C2F62706D6E64693A42504D4E456467653E0D0A2020202020203C62706D6E64693A42504D4E456467652069643D2242504D4E456467655F666C6F7732222062706D6E456C656D656E743D22666C6F7732223E0D0A20202020202020203C6F6D6764693A776179706F696E7420783D2233352220793D22363322202F3E0D0A20202020202020203C6F6D6764693A776179706F696E7420783D2238302220793D22363322202F3E0D0A2020202020203C2F62706D6E64693A42504D4E456467653E0D0A2020202020203C62706D6E64693A42504D4E53686170652069643D2242504D4E53686170655F73746172746576656E7431222062706D6E456C656D656E743D2273746172746576656E7431223E0D0A20202020202020203C6F6D6764633A426F756E647320783D22302220793D223436222077696474683D22333522206865696768743D22333522202F3E0D0A20202020202020203C62706D6E64693A42504D4E4C6162656C3E0D0A202020202020202020203C6F6D6764633A426F756E647320783D22352220793D223831222077696474683D22323522206865696768743D22313422202F3E0D0A20202020202020203C2F62706D6E64693A42504D4E4C6162656C3E0D0A2020202020203C2F62706D6E64693A42504D4E53686170653E0D0A2020202020203C62706D6E64693A42504D4E53686170652069643D2242504D4E53686170655F646570744C6561646572566572696679222062706D6E456C656D656E743D22646570744C6561646572566572696679223E0D0A20202020202020203C6F6D6764633A426F756E647320783D2238302220793D223336222077696474683D2231303522206865696768743D22353522202F3E0D0A2020202020203C2F62706D6E64693A42504D4E53686170653E0D0A2020202020203C62706D6E64693A42504D4E53686170652069643D2242504D4E53686170655F6578636C75736976656761746577617935222062706D6E456C656D656E743D226578636C75736976656761746577617935222069734D61726B657256697369626C653D2274727565223E0D0A20202020202020203C6F6D6764633A426F756E647320783D223234302220793D223433222077696474683D22343022206865696768743D22343022202F3E0D0A2020202020203C2F62706D6E64693A42504D4E53686170653E0D0A2020202020203C62706D6E64693A42504D4E53686170652069643D2242504D4E53686170655F6872566572696679222062706D6E456C656D656E743D226872566572696679223E0D0A20202020202020203C6F6D6764633A426F756E647320783D223334382220793D223336222077696474683D2231303522206865696768743D22353522202F3E0D0A2020202020203C2F62706D6E64693A42504D4E53686170653E0D0A2020202020203C62706D6E64693A42504D4E53686170652069643D2242504D4E53686170655F6578636C75736976656761746577617936222062706D6E456C656D656E743D226578636C75736976656761746577617936222069734D61726B657256697369626C653D2274727565223E0D0A20202020202020203C6F6D6764633A426F756E647320783D223438352220793D223433222077696474683D22343022206865696768743D22343022202F3E0D0A2020202020203C2F62706D6E64693A42504D4E53686170653E0D0A2020202020203C62706D6E64693A42504D4E53686170652069643D2242504D4E53686170655F656E646576656E7431222062706D6E456C656D656E743D22656E646576656E7431223E0D0A20202020202020203C6F6D6764633A426F756E647320783D223538322220793D22313232222077696474683D22333522206865696768743D22333522202F3E0D0A20202020202020203C62706D6E64693A42504D4E4C6162656C3E0D0A202020202020202020203C6F6D6764633A426F756E647320783D223539302220793D22313537222077696474683D22323022206865696768743D22313422202F3E0D0A20202020202020203C2F62706D6E64693A42504D4E4C6162656C3E0D0A2020202020203C2F62706D6E64693A42504D4E53686170653E0D0A202020203C2F62706D6E64693A42504D4E506C616E653E0D0A20203C2F62706D6E64693A42504D4E4469616772616D3E0D0A3C2F646566696E6974696F6E733E0D0A, 0);

-- ----------------------------
-- Table structure for act_ge_property
-- ----------------------------
DROP TABLE IF EXISTS `act_ge_property`;
CREATE TABLE `act_ge_property`  (
  `NAME_` varchar(64) CHARACTER SET utf8 COLLATE utf8_bin NOT NULL,
  `VALUE_` varchar(300) CHARACTER SET utf8 COLLATE utf8_bin NULL DEFAULT NULL,
  `REV_` int(11) NULL DEFAULT NULL,
  PRIMARY KEY (`NAME_`) USING BTREE
) ENGINE = InnoDB CHARACTER SET = utf8 COLLATE = utf8_bin ROW_FORMAT = Compact;

-- ----------------------------
-- Records of act_ge_property
-- ----------------------------
INSERT INTO `act_ge_property` VALUES ('cfg.execution-related-entities-count', 'false', 1);
INSERT INTO `act_ge_property` VALUES ('next.dbid', '1', 1);
INSERT INTO `act_ge_property` VALUES ('schema.history', 'create(7.0.0.0)', 1);
INSERT INTO `act_ge_property` VALUES ('schema.version', '7.0.0.0', 1);

-- ----------------------------
-- Table structure for act_hi_actinst
-- ----------------------------
DROP TABLE IF EXISTS `act_hi_actinst`;
CREATE TABLE `act_hi_actinst`  (
  `ID_` varchar(64) CHARACTER SET utf8 COLLATE utf8_bin NOT NULL,
  `PROC_DEF_ID_` varchar(64) CHARACTER SET utf8 COLLATE utf8_bin NOT NULL,
  `PROC_INST_ID_` varchar(64) CHARACTER SET utf8 COLLATE utf8_bin NOT NULL,
  `EXECUTION_ID_` varchar(64) CHARACTER SET utf8 COLLATE utf8_bin NOT NULL,
  `ACT_ID_` varchar(255) CHARACTER SET utf8 COLLATE utf8_bin NOT NULL,
  `TASK_ID_` varchar(64) CHARACTER SET utf8 COLLATE utf8_bin NULL DEFAULT NULL,
  `CALL_PROC_INST_ID_` varchar(64) CHARACTER SET utf8 COLLATE utf8_bin NULL DEFAULT NULL,
  `ACT_NAME_` varchar(255) CHARACTER SET utf8 COLLATE utf8_bin NULL DEFAULT NULL,
  `ACT_TYPE_` varchar(255) CHARACTER SET utf8 COLLATE utf8_bin NOT NULL,
  `ASSIGNEE_` varchar(255) CHARACTER SET utf8 COLLATE utf8_bin NULL DEFAULT NULL,
  `START_TIME_` datetime(3) NOT NULL,
  `END_TIME_` datetime(3) NULL DEFAULT NULL,
  `DURATION_` bigint(20) NULL DEFAULT NULL,
  `DELETE_REASON_` varchar(4000) CHARACTER SET utf8 COLLATE utf8_bin NULL DEFAULT NULL,
  `TENANT_ID_` varchar(255) CHARACTER SET utf8 COLLATE utf8_bin NULL DEFAULT '',
  PRIMARY KEY (`ID_`) USING BTREE,
  INDEX `ACT_IDX_HI_ACT_INST_START`(`START_TIME_`) USING BTREE,
  INDEX `ACT_IDX_HI_ACT_INST_END`(`END_TIME_`) USING BTREE,
  INDEX `ACT_IDX_HI_ACT_INST_PROCINST`(`PROC_INST_ID_`, `ACT_ID_`) USING BTREE,
  INDEX `ACT_IDX_HI_ACT_INST_EXEC`(`EXECUTION_ID_`, `ACT_ID_`) USING BTREE
) ENGINE = InnoDB CHARACTER SET = utf8 COLLATE = utf8_bin ROW_FORMAT = Compact;

-- ----------------------------
-- Records of act_hi_actinst
-- ----------------------------
INSERT INTO `act_hi_actinst` VALUES ('0e6e8b51-dd93-11ed-a2d6-4ccc6a6d7a36', 'leave:1:1bb5b8bc-dd8b-11ed-a2d6-4ccc6a6d7a36', 'fb6b0f41-dd90-11ed-a2d6-4ccc6a6d7a36', 'fb6b0f44-dd90-11ed-a2d6-4ccc6a6d7a36', 'exclusivegateway6', NULL, NULL, NULL, 'exclusiveGateway', NULL, '2023-04-18 10:45:19.041', '2023-04-18 10:45:19.066', 25, NULL, '');
INSERT INTO `act_hi_actinst` VALUES ('0e7fa252-dd93-11ed-a2d6-4ccc6a6d7a36', 'leave:1:1bb5b8bc-dd8b-11ed-a2d6-4ccc6a6d7a36', 'fb6b0f41-dd90-11ed-a2d6-4ccc6a6d7a36', 'fb6b0f44-dd90-11ed-a2d6-4ccc6a6d7a36', 'endevent1', NULL, NULL, 'End', 'endEvent', NULL, '2023-04-18 10:45:19.153', '2023-04-18 10:45:19.153', 0, NULL, '');
INSERT INTO `act_hi_actinst` VALUES ('147a74c8-dd8d-11ed-a2d6-4ccc6a6d7a36', 'leave:1:1bb5b8bc-dd8b-11ed-a2d6-4ccc6a6d7a36', '147a74c4-dd8d-11ed-a2d6-4ccc6a6d7a36', '147a74c7-dd8d-11ed-a2d6-4ccc6a6d7a36', 'startevent1', NULL, NULL, 'Start', 'startEvent', NULL, '2023-04-18 10:02:32.205', '2023-04-18 10:02:32.205', 0, NULL, '');
INSERT INTO `act_hi_actinst` VALUES ('147a74c9-dd8d-11ed-a2d6-4ccc6a6d7a36', 'leave:1:1bb5b8bc-dd8b-11ed-a2d6-4ccc6a6d7a36', '147a74c4-dd8d-11ed-a2d6-4ccc6a6d7a36', '147a74c7-dd8d-11ed-a2d6-4ccc6a6d7a36', 'deptLeaderVerify', '147a74ca-dd8d-11ed-a2d6-4ccc6a6d7a36', NULL, '部门领导审批', 'userTask', 'guanyu', '2023-04-18 10:02:32.205', '2023-04-18 16:07:39.487', 21907282, NULL, '');
INSERT INTO `act_hi_actinst` VALUES ('163c67a7-ddc0-11ed-84b4-4ccc6a6d7a36', 'leave:1:1bb5b8bc-dd8b-11ed-a2d6-4ccc6a6d7a36', '147a74c4-dd8d-11ed-a2d6-4ccc6a6d7a36', '147a74c7-dd8d-11ed-a2d6-4ccc6a6d7a36', 'exclusivegateway5', NULL, NULL, NULL, 'exclusiveGateway', NULL, '2023-04-18 16:07:39.487', '2023-04-18 16:07:39.531', 44, NULL, '');
INSERT INTO `act_hi_actinst` VALUES ('16498708-ddc0-11ed-84b4-4ccc6a6d7a36', 'leave:1:1bb5b8bc-dd8b-11ed-a2d6-4ccc6a6d7a36', '147a74c4-dd8d-11ed-a2d6-4ccc6a6d7a36', '147a74c7-dd8d-11ed-a2d6-4ccc6a6d7a36', 'hrVerify', '16498709-ddc0-11ed-84b4-4ccc6a6d7a36', NULL, '人事审批', 'userTask', NULL, '2023-04-18 16:07:39.573', NULL, NULL, NULL, '');
INSERT INTO `act_hi_actinst` VALUES ('1905a482-dd91-11ed-a2d6-4ccc6a6d7a36', 'leave:1:1bb5b8bc-dd8b-11ed-a2d6-4ccc6a6d7a36', '1905a47e-dd91-11ed-a2d6-4ccc6a6d7a36', '1905a481-dd91-11ed-a2d6-4ccc6a6d7a36', 'startevent1', NULL, NULL, 'Start', 'startEvent', NULL, '2023-04-18 10:31:17.815', '2023-04-18 10:31:17.815', 0, NULL, '');
INSERT INTO `act_hi_actinst` VALUES ('1905cb93-dd91-11ed-a2d6-4ccc6a6d7a36', 'leave:1:1bb5b8bc-dd8b-11ed-a2d6-4ccc6a6d7a36', '1905a47e-dd91-11ed-a2d6-4ccc6a6d7a36', '1905a481-dd91-11ed-a2d6-4ccc6a6d7a36', 'deptLeaderVerify', '1905cb94-dd91-11ed-a2d6-4ccc6a6d7a36', NULL, '部门领导审批', 'userTask', 'guanyu', '2023-04-18 10:31:17.816', '2023-04-18 10:43:02.090', 704274, NULL, '');
INSERT INTO `act_hi_actinst` VALUES ('270f0970-dd8c-11ed-a2d6-4ccc6a6d7a36', 'leave:1:1bb5b8bc-dd8b-11ed-a2d6-4ccc6a6d7a36', 'c55f1a0d-dd8b-11ed-a2d6-4ccc6a6d7a36', 'c5600470-dd8b-11ed-a2d6-4ccc6a6d7a36', 'exclusivegateway5', NULL, NULL, NULL, 'exclusiveGateway', NULL, '2023-04-18 09:55:53.881', '2023-04-18 09:55:53.932', 51, NULL, '');
INSERT INTO `act_hi_actinst` VALUES ('271aa231-dd8c-11ed-a2d6-4ccc6a6d7a36', 'leave:1:1bb5b8bc-dd8b-11ed-a2d6-4ccc6a6d7a36', 'c55f1a0d-dd8b-11ed-a2d6-4ccc6a6d7a36', 'c5600470-dd8b-11ed-a2d6-4ccc6a6d7a36', 'hrVerify', '271aa232-dd8c-11ed-a2d6-4ccc6a6d7a36', NULL, '人事审批', 'userTask', 'zhugeliang', '2023-04-18 09:55:53.957', '2023-04-18 09:59:57.041', 243084, NULL, '');
INSERT INTO `act_hi_actinst` VALUES ('57894844-ddbf-11ed-84b4-4ccc6a6d7a36', 'leave:1:1bb5b8bc-dd8b-11ed-a2d6-4ccc6a6d7a36', 'd28e7faa-dd8b-11ed-a2d6-4ccc6a6d7a36', 'd28ea6bd-dd8b-11ed-a2d6-4ccc6a6d7a36', 'exclusivegateway5', NULL, NULL, NULL, 'exclusiveGateway', NULL, '2023-04-18 16:02:19.546', '2023-04-18 16:02:19.661', 115, NULL, '');
INSERT INTO `act_hi_actinst` VALUES ('579ef325-ddbf-11ed-84b4-4ccc6a6d7a36', 'leave:1:1bb5b8bc-dd8b-11ed-a2d6-4ccc6a6d7a36', 'd28e7faa-dd8b-11ed-a2d6-4ccc6a6d7a36', 'd28ea6bd-dd8b-11ed-a2d6-4ccc6a6d7a36', 'hrVerify', '579f1a36-ddbf-11ed-84b4-4ccc6a6d7a36', NULL, '人事审批', 'userTask', 'zhugeliang', '2023-04-18 16:02:19.688', '2023-04-18 16:27:53.612', 1533924, NULL, '');
INSERT INTO `act_hi_actinst` VALUES ('6b7e9e45-ddc1-11ed-84b4-4ccc6a6d7a36', 'leave:1:1bb5b8bc-dd8b-11ed-a2d6-4ccc6a6d7a36', '6b7e0201-ddc1-11ed-84b4-4ccc6a6d7a36', '6b7e5024-ddc1-11ed-84b4-4ccc6a6d7a36', 'startevent1', NULL, NULL, 'Start', 'startEvent', NULL, '2023-04-18 16:17:12.024', '2023-04-18 16:17:12.024', 0, NULL, '');
INSERT INTO `act_hi_actinst` VALUES ('6b7e9e46-ddc1-11ed-84b4-4ccc6a6d7a36', 'leave:1:1bb5b8bc-dd8b-11ed-a2d6-4ccc6a6d7a36', '6b7e0201-ddc1-11ed-84b4-4ccc6a6d7a36', '6b7e5024-ddc1-11ed-84b4-4ccc6a6d7a36', 'deptLeaderVerify', '6b7e9e47-ddc1-11ed-84b4-4ccc6a6d7a36', NULL, '部门领导审批', 'userTask', 'guanyu', '2023-04-18 16:17:12.024', '2023-04-18 16:17:51.018', 38994, NULL, '');
INSERT INTO `act_hi_actinst` VALUES ('82bca177-ddc1-11ed-84b4-4ccc6a6d7a36', 'leave:1:1bb5b8bc-dd8b-11ed-a2d6-4ccc6a6d7a36', '6b7e0201-ddc1-11ed-84b4-4ccc6a6d7a36', '6b7e5024-ddc1-11ed-84b4-4ccc6a6d7a36', 'exclusivegateway5', NULL, NULL, NULL, 'exclusiveGateway', NULL, '2023-04-18 16:17:51.018', '2023-04-18 16:17:51.044', 26, NULL, '');
INSERT INTO `act_hi_actinst` VALUES ('82c490b8-ddc1-11ed-84b4-4ccc6a6d7a36', 'leave:1:1bb5b8bc-dd8b-11ed-a2d6-4ccc6a6d7a36', '6b7e0201-ddc1-11ed-84b4-4ccc6a6d7a36', '6b7e5024-ddc1-11ed-84b4-4ccc6a6d7a36', 'hrVerify', '82c490b9-ddc1-11ed-84b4-4ccc6a6d7a36', NULL, '人事审批', 'userTask', NULL, '2023-04-18 16:17:51.070', NULL, NULL, NULL, '');
INSERT INTO `act_hi_actinst` VALUES ('b322c494-dd91-11ed-a2d6-4ccc6a6d7a36', 'leave:1:1bb5b8bc-dd8b-11ed-a2d6-4ccc6a6d7a36', 'fb6b0f41-dd90-11ed-a2d6-4ccc6a6d7a36', 'fb6b0f44-dd90-11ed-a2d6-4ccc6a6d7a36', 'exclusivegateway5', NULL, NULL, NULL, 'exclusiveGateway', NULL, '2023-04-18 10:35:36.375', '2023-04-18 10:35:36.408', 33, NULL, '');
INSERT INTO `act_hi_actinst` VALUES ('b32c1365-dd91-11ed-a2d6-4ccc6a6d7a36', 'leave:1:1bb5b8bc-dd8b-11ed-a2d6-4ccc6a6d7a36', 'fb6b0f41-dd90-11ed-a2d6-4ccc6a6d7a36', 'fb6b0f44-dd90-11ed-a2d6-4ccc6a6d7a36', 'hrVerify', 'b32c1366-dd91-11ed-a2d6-4ccc6a6d7a36', NULL, '人事审批', 'userTask', 'zhugeliang', '2023-04-18 10:35:36.436', '2023-04-18 10:45:19.041', 582605, NULL, '');
INSERT INTO `act_hi_actinst` VALUES ('b7fe7612-dd8c-11ed-a2d6-4ccc6a6d7a36', 'leave:1:1bb5b8bc-dd8b-11ed-a2d6-4ccc6a6d7a36', 'c55f1a0d-dd8b-11ed-a2d6-4ccc6a6d7a36', 'c5600470-dd8b-11ed-a2d6-4ccc6a6d7a36', 'exclusivegateway6', NULL, NULL, NULL, 'exclusiveGateway', NULL, '2023-04-18 09:59:57.042', '2023-04-18 09:59:57.069', 27, NULL, '');
INSERT INTO `act_hi_actinst` VALUES ('b8113ac3-dd8c-11ed-a2d6-4ccc6a6d7a36', 'leave:1:1bb5b8bc-dd8b-11ed-a2d6-4ccc6a6d7a36', 'c55f1a0d-dd8b-11ed-a2d6-4ccc6a6d7a36', 'c5600470-dd8b-11ed-a2d6-4ccc6a6d7a36', 'endevent1', NULL, NULL, 'End', 'endEvent', NULL, '2023-04-18 09:59:57.165', '2023-04-18 09:59:57.165', 0, NULL, '');
INSERT INTO `act_hi_actinst` VALUES ('bccd7ad7-dd92-11ed-a2d6-4ccc6a6d7a36', 'leave:1:1bb5b8bc-dd8b-11ed-a2d6-4ccc6a6d7a36', '1905a47e-dd91-11ed-a2d6-4ccc6a6d7a36', '1905a481-dd91-11ed-a2d6-4ccc6a6d7a36', 'exclusivegateway5', NULL, NULL, NULL, 'exclusiveGateway', NULL, '2023-04-18 10:43:02.090', '2023-04-18 10:43:02.129', 39, NULL, '');
INSERT INTO `act_hi_actinst` VALUES ('bce8a3f8-dd92-11ed-a2d6-4ccc6a6d7a36', 'leave:1:1bb5b8bc-dd8b-11ed-a2d6-4ccc6a6d7a36', '1905a47e-dd91-11ed-a2d6-4ccc6a6d7a36', '1905a481-dd91-11ed-a2d6-4ccc6a6d7a36', 'endevent1', NULL, NULL, 'End', 'endEvent', NULL, '2023-04-18 10:43:02.268', '2023-04-18 10:43:02.268', 0, NULL, '');
INSERT INTO `act_hi_actinst` VALUES ('c560a0b1-dd8b-11ed-a2d6-4ccc6a6d7a36', 'leave:1:1bb5b8bc-dd8b-11ed-a2d6-4ccc6a6d7a36', 'c55f1a0d-dd8b-11ed-a2d6-4ccc6a6d7a36', 'c5600470-dd8b-11ed-a2d6-4ccc6a6d7a36', 'startevent1', NULL, NULL, 'Start', 'startEvent', NULL, '2023-04-18 09:53:09.999', '2023-04-18 09:53:10.002', 3, NULL, '');
INSERT INTO `act_hi_actinst` VALUES ('c561d932-dd8b-11ed-a2d6-4ccc6a6d7a36', 'leave:1:1bb5b8bc-dd8b-11ed-a2d6-4ccc6a6d7a36', 'c55f1a0d-dd8b-11ed-a2d6-4ccc6a6d7a36', 'c5600470-dd8b-11ed-a2d6-4ccc6a6d7a36', 'deptLeaderVerify', 'c5695343-dd8b-11ed-a2d6-4ccc6a6d7a36', NULL, '部门领导审批', 'userTask', 'guanyu', '2023-04-18 09:53:10.007', '2023-04-18 09:55:53.881', 163874, NULL, '');
INSERT INTO `act_hi_actinst` VALUES ('d28ea6be-dd8b-11ed-a2d6-4ccc6a6d7a36', 'leave:1:1bb5b8bc-dd8b-11ed-a2d6-4ccc6a6d7a36', 'd28e7faa-dd8b-11ed-a2d6-4ccc6a6d7a36', 'd28ea6bd-dd8b-11ed-a2d6-4ccc6a6d7a36', 'startevent1', NULL, NULL, 'Start', 'startEvent', NULL, '2023-04-18 09:53:32.111', '2023-04-18 09:53:32.111', 0, NULL, '');
INSERT INTO `act_hi_actinst` VALUES ('d28ea6bf-dd8b-11ed-a2d6-4ccc6a6d7a36', 'leave:1:1bb5b8bc-dd8b-11ed-a2d6-4ccc6a6d7a36', 'd28e7faa-dd8b-11ed-a2d6-4ccc6a6d7a36', 'd28ea6bd-dd8b-11ed-a2d6-4ccc6a6d7a36', 'deptLeaderVerify', 'd28ea6c0-dd8b-11ed-a2d6-4ccc6a6d7a36', NULL, '部门领导审批', 'userTask', 'guanyu', '2023-04-18 09:53:32.111', '2023-04-18 16:02:19.538', 22127427, NULL, '');
INSERT INTO `act_hi_actinst` VALUES ('e9ea3ee0-ddc2-11ed-b1e8-4ccc6a6d7a36', 'leave:1:1bb5b8bc-dd8b-11ed-a2d6-4ccc6a6d7a36', 'd28e7faa-dd8b-11ed-a2d6-4ccc6a6d7a36', 'd28ea6bd-dd8b-11ed-a2d6-4ccc6a6d7a36', 'exclusivegateway6', NULL, NULL, NULL, 'exclusiveGateway', NULL, '2023-04-18 16:27:53.619', '2023-04-18 16:27:53.679', 60, NULL, '');
INSERT INTO `act_hi_actinst` VALUES ('ea09adc1-ddc2-11ed-b1e8-4ccc6a6d7a36', 'leave:1:1bb5b8bc-dd8b-11ed-a2d6-4ccc6a6d7a36', 'd28e7faa-dd8b-11ed-a2d6-4ccc6a6d7a36', 'd28ea6bd-dd8b-11ed-a2d6-4ccc6a6d7a36', 'endevent1', NULL, NULL, 'End', 'endEvent', NULL, '2023-04-18 16:27:53.825', '2023-04-18 16:27:53.825', 0, NULL, '');
INSERT INTO `act_hi_actinst` VALUES ('fb6b0f45-dd90-11ed-a2d6-4ccc6a6d7a36', 'leave:1:1bb5b8bc-dd8b-11ed-a2d6-4ccc6a6d7a36', 'fb6b0f41-dd90-11ed-a2d6-4ccc6a6d7a36', 'fb6b0f44-dd90-11ed-a2d6-4ccc6a6d7a36', 'startevent1', NULL, NULL, 'Start', 'startEvent', NULL, '2023-04-18 10:30:28.148', '2023-04-18 10:30:28.148', 0, NULL, '');
INSERT INTO `act_hi_actinst` VALUES ('fb6b0f46-dd90-11ed-a2d6-4ccc6a6d7a36', 'leave:1:1bb5b8bc-dd8b-11ed-a2d6-4ccc6a6d7a36', 'fb6b0f41-dd90-11ed-a2d6-4ccc6a6d7a36', 'fb6b0f44-dd90-11ed-a2d6-4ccc6a6d7a36', 'deptLeaderVerify', 'fb6b0f47-dd90-11ed-a2d6-4ccc6a6d7a36', NULL, '部门领导审批', 'userTask', 'guanyu', '2023-04-18 10:30:28.148', '2023-04-18 10:35:36.375', 308227, NULL, '');

-- ----------------------------
-- Table structure for act_hi_attachment
-- ----------------------------
DROP TABLE IF EXISTS `act_hi_attachment`;
CREATE TABLE `act_hi_attachment`  (
  `ID_` varchar(64) CHARACTER SET utf8 COLLATE utf8_bin NOT NULL,
  `REV_` int(11) NULL DEFAULT NULL,
  `USER_ID_` varchar(255) CHARACTER SET utf8 COLLATE utf8_bin NULL DEFAULT NULL,
  `NAME_` varchar(255) CHARACTER SET utf8 COLLATE utf8_bin NULL DEFAULT NULL,
  `DESCRIPTION_` varchar(4000) CHARACTER SET utf8 COLLATE utf8_bin NULL DEFAULT NULL,
  `TYPE_` varchar(255) CHARACTER SET utf8 COLLATE utf8_bin NULL DEFAULT NULL,
  `TASK_ID_` varchar(64) CHARACTER SET utf8 COLLATE utf8_bin NULL DEFAULT NULL,
  `PROC_INST_ID_` varchar(64) CHARACTER SET utf8 COLLATE utf8_bin NULL DEFAULT NULL,
  `URL_` varchar(4000) CHARACTER SET utf8 COLLATE utf8_bin NULL DEFAULT NULL,
  `CONTENT_ID_` varchar(64) CHARACTER SET utf8 COLLATE utf8_bin NULL DEFAULT NULL,
  `TIME_` datetime(3) NULL DEFAULT NULL,
  PRIMARY KEY (`ID_`) USING BTREE
) ENGINE = InnoDB CHARACTER SET = utf8 COLLATE = utf8_bin ROW_FORMAT = Compact;

-- ----------------------------
-- Records of act_hi_attachment
-- ----------------------------

-- ----------------------------
-- Table structure for act_hi_comment
-- ----------------------------
DROP TABLE IF EXISTS `act_hi_comment`;
CREATE TABLE `act_hi_comment`  (
  `ID_` varchar(64) CHARACTER SET utf8 COLLATE utf8_bin NOT NULL,
  `TYPE_` varchar(255) CHARACTER SET utf8 COLLATE utf8_bin NULL DEFAULT NULL,
  `TIME_` datetime(3) NOT NULL,
  `USER_ID_` varchar(255) CHARACTER SET utf8 COLLATE utf8_bin NULL DEFAULT NULL,
  `TASK_ID_` varchar(64) CHARACTER SET utf8 COLLATE utf8_bin NULL DEFAULT NULL,
  `PROC_INST_ID_` varchar(64) CHARACTER SET utf8 COLLATE utf8_bin NULL DEFAULT NULL,
  `ACTION_` varchar(255) CHARACTER SET utf8 COLLATE utf8_bin NULL DEFAULT NULL,
  `MESSAGE_` varchar(4000) CHARACTER SET utf8 COLLATE utf8_bin NULL DEFAULT NULL,
  `FULL_MSG_` longblob NULL,
  PRIMARY KEY (`ID_`) USING BTREE
) ENGINE = InnoDB CHARACTER SET = utf8 COLLATE = utf8_bin ROW_FORMAT = Compact;

-- ----------------------------
-- Records of act_hi_comment
-- ----------------------------

-- ----------------------------
-- Table structure for act_hi_detail
-- ----------------------------
DROP TABLE IF EXISTS `act_hi_detail`;
CREATE TABLE `act_hi_detail`  (
  `ID_` varchar(64) CHARACTER SET utf8 COLLATE utf8_bin NOT NULL,
  `TYPE_` varchar(255) CHARACTER SET utf8 COLLATE utf8_bin NOT NULL,
  `PROC_INST_ID_` varchar(64) CHARACTER SET utf8 COLLATE utf8_bin NULL DEFAULT NULL,
  `EXECUTION_ID_` varchar(64) CHARACTER SET utf8 COLLATE utf8_bin NULL DEFAULT NULL,
  `TASK_ID_` varchar(64) CHARACTER SET utf8 COLLATE utf8_bin NULL DEFAULT NULL,
  `ACT_INST_ID_` varchar(64) CHARACTER SET utf8 COLLATE utf8_bin NULL DEFAULT NULL,
  `NAME_` varchar(255) CHARACTER SET utf8 COLLATE utf8_bin NOT NULL,
  `VAR_TYPE_` varchar(255) CHARACTER SET utf8 COLLATE utf8_bin NULL DEFAULT NULL,
  `REV_` int(11) NULL DEFAULT NULL,
  `TIME_` datetime(3) NOT NULL,
  `BYTEARRAY_ID_` varchar(64) CHARACTER SET utf8 COLLATE utf8_bin NULL DEFAULT NULL,
  `DOUBLE_` double NULL DEFAULT NULL,
  `LONG_` bigint(20) NULL DEFAULT NULL,
  `TEXT_` varchar(4000) CHARACTER SET utf8 COLLATE utf8_bin NULL DEFAULT NULL,
  `TEXT2_` varchar(4000) CHARACTER SET utf8 COLLATE utf8_bin NULL DEFAULT NULL,
  PRIMARY KEY (`ID_`) USING BTREE,
  INDEX `ACT_IDX_HI_DETAIL_PROC_INST`(`PROC_INST_ID_`) USING BTREE,
  INDEX `ACT_IDX_HI_DETAIL_ACT_INST`(`ACT_INST_ID_`) USING BTREE,
  INDEX `ACT_IDX_HI_DETAIL_TIME`(`TIME_`) USING BTREE,
  INDEX `ACT_IDX_HI_DETAIL_NAME`(`NAME_`) USING BTREE,
  INDEX `ACT_IDX_HI_DETAIL_TASK_ID`(`TASK_ID_`) USING BTREE
) ENGINE = InnoDB CHARACTER SET = utf8 COLLATE = utf8_bin ROW_FORMAT = Compact;

-- ----------------------------
-- Records of act_hi_detail
-- ----------------------------
INSERT INTO `act_hi_detail` VALUES ('0e404f5b-dd93-11ed-a2d6-4ccc6a6d7a36', 'VariableUpdate', 'fb6b0f41-dd90-11ed-a2d6-4ccc6a6d7a36', 'fb6b0f44-dd90-11ed-a2d6-4ccc6a6d7a36', 'b32c1366-dd91-11ed-a2d6-4ccc6a6d7a36', NULL, 'FormProperty_23u95jb', 'string', 0, '2023-04-18 10:45:18.738', NULL, NULL, NULL, '0', NULL);
INSERT INTO `act_hi_detail` VALUES ('0e5c89ec-dd93-11ed-a2d6-4ccc6a6d7a36', 'VariableUpdate', 'fb6b0f41-dd90-11ed-a2d6-4ccc6a6d7a36', 'fb6b0f41-dd90-11ed-a2d6-4ccc6a6d7a36', NULL, NULL, 'FormProperty_3qipis2', 'string', 1, '2023-04-18 10:45:18.923', NULL, NULL, NULL, '0', NULL);
INSERT INTO `act_hi_detail` VALUES ('0e60818e-dd93-11ed-a2d6-4ccc6a6d7a36', 'VariableUpdate', 'fb6b0f41-dd90-11ed-a2d6-4ccc6a6d7a36', 'fb6b0f41-dd90-11ed-a2d6-4ccc6a6d7a36', NULL, NULL, 'FormProperty_23u95jb', 'string', 0, '2023-04-18 10:45:18.949', NULL, NULL, NULL, '0', NULL);
INSERT INTO `act_hi_detail` VALUES ('0e60818f-dd93-11ed-a2d6-4ccc6a6d7a36', 'VariableUpdate', 'fb6b0f41-dd90-11ed-a2d6-4ccc6a6d7a36', 'fb6b0f41-dd90-11ed-a2d6-4ccc6a6d7a36', NULL, NULL, 'FormProperty_0lffpcm', 'string', 1, '2023-04-18 10:45:18.949', NULL, NULL, NULL, '好好休息', NULL);
INSERT INTO `act_hi_detail` VALUES ('0e651570-dd93-11ed-a2d6-4ccc6a6d7a36', 'VariableUpdate', 'fb6b0f41-dd90-11ed-a2d6-4ccc6a6d7a36', 'fb6b0f41-dd90-11ed-a2d6-4ccc6a6d7a36', NULL, NULL, 'deptLeader', 'string', 1, '2023-04-18 10:45:18.979', NULL, NULL, NULL, 'guanyu,zhaoyun', NULL);
INSERT INTO `act_hi_detail` VALUES ('147a74c6-dd8d-11ed-a2d6-4ccc6a6d7a36', 'VariableUpdate', '147a74c4-dd8d-11ed-a2d6-4ccc6a6d7a36', '147a74c4-dd8d-11ed-a2d6-4ccc6a6d7a36', NULL, NULL, 'deptLeader', 'string', 0, '2023-04-18 10:02:32.205', NULL, NULL, NULL, 'guanyu,zhaoyun', NULL);
INSERT INTO `act_hi_detail` VALUES ('147fcbfc-dd8d-11ed-a2d6-4ccc6a6d7a36', 'VariableUpdate', '147a74c4-dd8d-11ed-a2d6-4ccc6a6d7a36', '147a74c7-dd8d-11ed-a2d6-4ccc6a6d7a36', '147a74ca-dd8d-11ed-a2d6-4ccc6a6d7a36', NULL, 'deptLeader', 'string', 0, '2023-04-18 10:02:32.240', NULL, NULL, NULL, 'guanyu,zhaoyun', NULL);
INSERT INTO `act_hi_detail` VALUES ('16068a8f-ddc0-11ed-84b4-4ccc6a6d7a36', 'VariableUpdate', '147a74c4-dd8d-11ed-a2d6-4ccc6a6d7a36', '147a74c7-dd8d-11ed-a2d6-4ccc6a6d7a36', '147a74ca-dd8d-11ed-a2d6-4ccc6a6d7a36', NULL, 'FormProperty_3qipis2', 'string', 0, '2023-04-18 16:07:39.134', NULL, NULL, NULL, '0', NULL);
INSERT INTO `act_hi_detail` VALUES ('16068a91-ddc0-11ed-84b4-4ccc6a6d7a36', 'VariableUpdate', '147a74c4-dd8d-11ed-a2d6-4ccc6a6d7a36', '147a74c7-dd8d-11ed-a2d6-4ccc6a6d7a36', '147a74ca-dd8d-11ed-a2d6-4ccc6a6d7a36', NULL, 'FormProperty_0lffpcm', 'string', 0, '2023-04-18 16:07:39.134', NULL, NULL, NULL, '去吧', NULL);
INSERT INTO `act_hi_detail` VALUES ('163032a3-ddc0-11ed-84b4-4ccc6a6d7a36', 'VariableUpdate', '147a74c4-dd8d-11ed-a2d6-4ccc6a6d7a36', '147a74c4-dd8d-11ed-a2d6-4ccc6a6d7a36', NULL, NULL, 'FormProperty_3qipis2', 'string', 0, '2023-04-18 16:07:39.407', NULL, NULL, NULL, '0', NULL);
INSERT INTO `act_hi_detail` VALUES ('163032a5-ddc0-11ed-84b4-4ccc6a6d7a36', 'VariableUpdate', '147a74c4-dd8d-11ed-a2d6-4ccc6a6d7a36', '147a74c4-dd8d-11ed-a2d6-4ccc6a6d7a36', NULL, NULL, 'FormProperty_0lffpcm', 'string', 0, '2023-04-18 16:07:39.407', NULL, NULL, NULL, '去吧', NULL);
INSERT INTO `act_hi_detail` VALUES ('163032a6-ddc0-11ed-84b4-4ccc6a6d7a36', 'VariableUpdate', '147a74c4-dd8d-11ed-a2d6-4ccc6a6d7a36', '147a74c4-dd8d-11ed-a2d6-4ccc6a6d7a36', NULL, NULL, 'deptLeader', 'string', 1, '2023-04-18 16:07:39.407', NULL, NULL, NULL, 'guanyu,zhaoyun', NULL);
INSERT INTO `act_hi_detail` VALUES ('1651011b-ddc0-11ed-84b4-4ccc6a6d7a36', 'VariableUpdate', '147a74c4-dd8d-11ed-a2d6-4ccc6a6d7a36', '147a74c7-dd8d-11ed-a2d6-4ccc6a6d7a36', '16498709-ddc0-11ed-84b4-4ccc6a6d7a36', NULL, 'FormProperty_3qipis2', 'string', 0, '2023-04-18 16:07:39.622', NULL, NULL, NULL, '0', NULL);
INSERT INTO `act_hi_detail` VALUES ('1651011d-ddc0-11ed-84b4-4ccc6a6d7a36', 'VariableUpdate', '147a74c4-dd8d-11ed-a2d6-4ccc6a6d7a36', '147a74c7-dd8d-11ed-a2d6-4ccc6a6d7a36', '16498709-ddc0-11ed-84b4-4ccc6a6d7a36', NULL, 'FormProperty_0lffpcm', 'string', 0, '2023-04-18 16:07:39.622', NULL, NULL, NULL, '去吧', NULL);
INSERT INTO `act_hi_detail` VALUES ('1651011f-ddc0-11ed-84b4-4ccc6a6d7a36', 'VariableUpdate', '147a74c4-dd8d-11ed-a2d6-4ccc6a6d7a36', '147a74c7-dd8d-11ed-a2d6-4ccc6a6d7a36', '16498709-ddc0-11ed-84b4-4ccc6a6d7a36', NULL, 'deptLeader', 'string', 0, '2023-04-18 16:07:39.622', NULL, NULL, NULL, 'guanyu,zhaoyun', NULL);
INSERT INTO `act_hi_detail` VALUES ('1905a480-dd91-11ed-a2d6-4ccc6a6d7a36', 'VariableUpdate', '1905a47e-dd91-11ed-a2d6-4ccc6a6d7a36', '1905a47e-dd91-11ed-a2d6-4ccc6a6d7a36', NULL, NULL, 'deptLeader', 'string', 0, '2023-04-18 10:31:17.815', NULL, NULL, NULL, 'guanyu,zhaoyun', NULL);
INSERT INTO `act_hi_detail` VALUES ('190c0d26-dd91-11ed-a2d6-4ccc6a6d7a36', 'VariableUpdate', '1905a47e-dd91-11ed-a2d6-4ccc6a6d7a36', '1905a481-dd91-11ed-a2d6-4ccc6a6d7a36', '1905cb94-dd91-11ed-a2d6-4ccc6a6d7a36', NULL, 'deptLeader', 'string', 0, '2023-04-18 10:31:17.857', NULL, NULL, NULL, 'guanyu,zhaoyun', NULL);
INSERT INTO `act_hi_detail` VALUES ('26ed77a8-dd8c-11ed-a2d6-4ccc6a6d7a36', 'VariableUpdate', 'c55f1a0d-dd8b-11ed-a2d6-4ccc6a6d7a36', 'c5600470-dd8b-11ed-a2d6-4ccc6a6d7a36', 'c5695343-dd8b-11ed-a2d6-4ccc6a6d7a36', NULL, 'FormProperty_3qipis2', 'string', 0, '2023-04-18 09:55:53.661', NULL, NULL, NULL, '0', NULL);
INSERT INTO `act_hi_detail` VALUES ('26ed77aa-dd8c-11ed-a2d6-4ccc6a6d7a36', 'VariableUpdate', 'c55f1a0d-dd8b-11ed-a2d6-4ccc6a6d7a36', 'c5600470-dd8b-11ed-a2d6-4ccc6a6d7a36', 'c5695343-dd8b-11ed-a2d6-4ccc6a6d7a36', NULL, 'FormProperty_0lffpcm', 'string', 0, '2023-04-18 09:55:53.661', NULL, NULL, NULL, '去吧', NULL);
INSERT INTO `act_hi_detail` VALUES ('2707413c-dd8c-11ed-a2d6-4ccc6a6d7a36', 'VariableUpdate', 'c55f1a0d-dd8b-11ed-a2d6-4ccc6a6d7a36', 'c55f1a0d-dd8b-11ed-a2d6-4ccc6a6d7a36', NULL, NULL, 'FormProperty_3qipis2', 'string', 0, '2023-04-18 09:55:53.830', NULL, NULL, NULL, '0', NULL);
INSERT INTO `act_hi_detail` VALUES ('2707413e-dd8c-11ed-a2d6-4ccc6a6d7a36', 'VariableUpdate', 'c55f1a0d-dd8b-11ed-a2d6-4ccc6a6d7a36', 'c55f1a0d-dd8b-11ed-a2d6-4ccc6a6d7a36', NULL, NULL, 'FormProperty_0lffpcm', 'string', 0, '2023-04-18 09:55:53.830', NULL, NULL, NULL, '去吧', NULL);
INSERT INTO `act_hi_detail` VALUES ('2707413f-dd8c-11ed-a2d6-4ccc6a6d7a36', 'VariableUpdate', 'c55f1a0d-dd8b-11ed-a2d6-4ccc6a6d7a36', 'c55f1a0d-dd8b-11ed-a2d6-4ccc6a6d7a36', NULL, NULL, 'deptLeader', 'string', 1, '2023-04-18 09:55:53.830', NULL, NULL, NULL, 'guanyu,zhaoyun', NULL);
INSERT INTO `act_hi_detail` VALUES ('271fab44-dd8c-11ed-a2d6-4ccc6a6d7a36', 'VariableUpdate', 'c55f1a0d-dd8b-11ed-a2d6-4ccc6a6d7a36', 'c5600470-dd8b-11ed-a2d6-4ccc6a6d7a36', '271aa232-dd8c-11ed-a2d6-4ccc6a6d7a36', NULL, 'FormProperty_3qipis2', 'string', 0, '2023-04-18 09:55:53.990', NULL, NULL, NULL, '0', NULL);
INSERT INTO `act_hi_detail` VALUES ('271fab46-dd8c-11ed-a2d6-4ccc6a6d7a36', 'VariableUpdate', 'c55f1a0d-dd8b-11ed-a2d6-4ccc6a6d7a36', 'c5600470-dd8b-11ed-a2d6-4ccc6a6d7a36', '271aa232-dd8c-11ed-a2d6-4ccc6a6d7a36', NULL, 'FormProperty_0lffpcm', 'string', 0, '2023-04-18 09:55:53.990', NULL, NULL, NULL, '去吧', NULL);
INSERT INTO `act_hi_detail` VALUES ('271fab48-dd8c-11ed-a2d6-4ccc6a6d7a36', 'VariableUpdate', 'c55f1a0d-dd8b-11ed-a2d6-4ccc6a6d7a36', 'c5600470-dd8b-11ed-a2d6-4ccc6a6d7a36', '271aa232-dd8c-11ed-a2d6-4ccc6a6d7a36', NULL, 'deptLeader', 'string', 0, '2023-04-18 09:55:53.990', NULL, NULL, NULL, 'guanyu,zhaoyun', NULL);
INSERT INTO `act_hi_detail` VALUES ('574c182c-ddbf-11ed-84b4-4ccc6a6d7a36', 'VariableUpdate', 'd28e7faa-dd8b-11ed-a2d6-4ccc6a6d7a36', 'd28ea6bd-dd8b-11ed-a2d6-4ccc6a6d7a36', 'd28ea6c0-dd8b-11ed-a2d6-4ccc6a6d7a36', NULL, 'FormProperty_3qipis2', 'string', 0, '2023-04-18 16:02:19.145', NULL, NULL, NULL, '0', NULL);
INSERT INTO `act_hi_detail` VALUES ('574c8d5e-ddbf-11ed-84b4-4ccc6a6d7a36', 'VariableUpdate', 'd28e7faa-dd8b-11ed-a2d6-4ccc6a6d7a36', 'd28ea6bd-dd8b-11ed-a2d6-4ccc6a6d7a36', 'd28ea6c0-dd8b-11ed-a2d6-4ccc6a6d7a36', NULL, 'FormProperty_0lffpcm', 'string', 0, '2023-04-18 16:02:19.148', NULL, NULL, NULL, '不用回来了', NULL);
INSERT INTO `act_hi_detail` VALUES ('577969c0-ddbf-11ed-84b4-4ccc6a6d7a36', 'VariableUpdate', 'd28e7faa-dd8b-11ed-a2d6-4ccc6a6d7a36', 'd28e7faa-dd8b-11ed-a2d6-4ccc6a6d7a36', NULL, NULL, 'FormProperty_3qipis2', 'string', 0, '2023-04-18 16:02:19.442', NULL, NULL, NULL, '0', NULL);
INSERT INTO `act_hi_detail` VALUES ('577969c2-ddbf-11ed-84b4-4ccc6a6d7a36', 'VariableUpdate', 'd28e7faa-dd8b-11ed-a2d6-4ccc6a6d7a36', 'd28e7faa-dd8b-11ed-a2d6-4ccc6a6d7a36', NULL, NULL, 'FormProperty_0lffpcm', 'string', 0, '2023-04-18 16:02:19.442', NULL, NULL, NULL, '不用回来了', NULL);
INSERT INTO `act_hi_detail` VALUES ('577969c3-ddbf-11ed-84b4-4ccc6a6d7a36', 'VariableUpdate', 'd28e7faa-dd8b-11ed-a2d6-4ccc6a6d7a36', 'd28e7faa-dd8b-11ed-a2d6-4ccc6a6d7a36', NULL, NULL, 'deptLeader', 'string', 1, '2023-04-18 16:02:19.442', NULL, NULL, NULL, 'guanyu,zhaoyun', NULL);
INSERT INTO `act_hi_detail` VALUES ('57a3ae18-ddbf-11ed-84b4-4ccc6a6d7a36', 'VariableUpdate', 'd28e7faa-dd8b-11ed-a2d6-4ccc6a6d7a36', 'd28ea6bd-dd8b-11ed-a2d6-4ccc6a6d7a36', '579f1a36-ddbf-11ed-84b4-4ccc6a6d7a36', NULL, 'FormProperty_3qipis2', 'string', 0, '2023-04-18 16:02:19.719', NULL, NULL, NULL, '0', NULL);
INSERT INTO `act_hi_detail` VALUES ('57a3ae1a-ddbf-11ed-84b4-4ccc6a6d7a36', 'VariableUpdate', 'd28e7faa-dd8b-11ed-a2d6-4ccc6a6d7a36', 'd28ea6bd-dd8b-11ed-a2d6-4ccc6a6d7a36', '579f1a36-ddbf-11ed-84b4-4ccc6a6d7a36', NULL, 'FormProperty_0lffpcm', 'string', 0, '2023-04-18 16:02:19.719', NULL, NULL, NULL, '不用回来了', NULL);
INSERT INTO `act_hi_detail` VALUES ('57a3d52c-ddbf-11ed-84b4-4ccc6a6d7a36', 'VariableUpdate', 'd28e7faa-dd8b-11ed-a2d6-4ccc6a6d7a36', 'd28ea6bd-dd8b-11ed-a2d6-4ccc6a6d7a36', '579f1a36-ddbf-11ed-84b4-4ccc6a6d7a36', NULL, 'deptLeader', 'string', 0, '2023-04-18 16:02:19.720', NULL, NULL, NULL, 'guanyu,zhaoyun', NULL);
INSERT INTO `act_hi_detail` VALUES ('6b7e5023-ddc1-11ed-84b4-4ccc6a6d7a36', 'VariableUpdate', '6b7e0201-ddc1-11ed-84b4-4ccc6a6d7a36', '6b7e0201-ddc1-11ed-84b4-4ccc6a6d7a36', NULL, NULL, 'deptLeader', 'string', 0, '2023-04-18 16:17:12.022', NULL, NULL, NULL, 'guanyu,zhaoyun', NULL);
INSERT INTO `act_hi_detail` VALUES ('6b82bcf9-ddc1-11ed-84b4-4ccc6a6d7a36', 'VariableUpdate', '6b7e0201-ddc1-11ed-84b4-4ccc6a6d7a36', '6b7e5024-ddc1-11ed-84b4-4ccc6a6d7a36', '6b7e9e47-ddc1-11ed-84b4-4ccc6a6d7a36', NULL, 'deptLeader', 'string', 0, '2023-04-18 16:17:12.051', NULL, NULL, NULL, 'guanyu,zhaoyun', NULL);
INSERT INTO `act_hi_detail` VALUES ('8295434f-ddc1-11ed-84b4-4ccc6a6d7a36', 'VariableUpdate', '6b7e0201-ddc1-11ed-84b4-4ccc6a6d7a36', '6b7e5024-ddc1-11ed-84b4-4ccc6a6d7a36', '6b7e9e47-ddc1-11ed-84b4-4ccc6a6d7a36', NULL, 'FormProperty_3qipis2', 'string', 0, '2023-04-18 16:17:50.760', NULL, NULL, NULL, '0', NULL);
INSERT INTO `act_hi_detail` VALUES ('82954351-ddc1-11ed-84b4-4ccc6a6d7a36', 'VariableUpdate', '6b7e0201-ddc1-11ed-84b4-4ccc6a6d7a36', '6b7e5024-ddc1-11ed-84b4-4ccc6a6d7a36', '6b7e9e47-ddc1-11ed-84b4-4ccc6a6d7a36', NULL, 'FormProperty_0lffpcm', 'string', 0, '2023-04-18 16:17:50.760', NULL, NULL, NULL, '好2', NULL);
INSERT INTO `act_hi_detail` VALUES ('82b46413-ddc1-11ed-84b4-4ccc6a6d7a36', 'VariableUpdate', '6b7e0201-ddc1-11ed-84b4-4ccc6a6d7a36', '6b7e0201-ddc1-11ed-84b4-4ccc6a6d7a36', NULL, NULL, 'FormProperty_3qipis2', 'string', 0, '2023-04-18 16:17:50.964', NULL, NULL, NULL, '0', NULL);
INSERT INTO `act_hi_detail` VALUES ('82b46415-ddc1-11ed-84b4-4ccc6a6d7a36', 'VariableUpdate', '6b7e0201-ddc1-11ed-84b4-4ccc6a6d7a36', '6b7e0201-ddc1-11ed-84b4-4ccc6a6d7a36', NULL, NULL, 'FormProperty_0lffpcm', 'string', 0, '2023-04-18 16:17:50.964', NULL, NULL, NULL, '好2', NULL);
INSERT INTO `act_hi_detail` VALUES ('82b46416-ddc1-11ed-84b4-4ccc6a6d7a36', 'VariableUpdate', '6b7e0201-ddc1-11ed-84b4-4ccc6a6d7a36', '6b7e0201-ddc1-11ed-84b4-4ccc6a6d7a36', NULL, NULL, 'deptLeader', 'string', 1, '2023-04-18 16:17:50.964', NULL, NULL, NULL, 'guanyu,zhaoyun', NULL);
INSERT INTO `act_hi_detail` VALUES ('82c9c0db-ddc1-11ed-84b4-4ccc6a6d7a36', 'VariableUpdate', '6b7e0201-ddc1-11ed-84b4-4ccc6a6d7a36', '6b7e5024-ddc1-11ed-84b4-4ccc6a6d7a36', '82c490b9-ddc1-11ed-84b4-4ccc6a6d7a36', NULL, 'FormProperty_3qipis2', 'string', 0, '2023-04-18 16:17:51.104', NULL, NULL, NULL, '0', NULL);
INSERT INTO `act_hi_detail` VALUES ('82c9c0dd-ddc1-11ed-84b4-4ccc6a6d7a36', 'VariableUpdate', '6b7e0201-ddc1-11ed-84b4-4ccc6a6d7a36', '6b7e5024-ddc1-11ed-84b4-4ccc6a6d7a36', '82c490b9-ddc1-11ed-84b4-4ccc6a6d7a36', NULL, 'FormProperty_0lffpcm', 'string', 0, '2023-04-18 16:17:51.104', NULL, NULL, NULL, '好2', NULL);
INSERT INTO `act_hi_detail` VALUES ('82c9c0df-ddc1-11ed-84b4-4ccc6a6d7a36', 'VariableUpdate', '6b7e0201-ddc1-11ed-84b4-4ccc6a6d7a36', '6b7e5024-ddc1-11ed-84b4-4ccc6a6d7a36', '82c490b9-ddc1-11ed-84b4-4ccc6a6d7a36', NULL, 'deptLeader', 'string', 0, '2023-04-18 16:17:51.104', NULL, NULL, NULL, 'guanyu,zhaoyun', NULL);
INSERT INTO `act_hi_detail` VALUES ('b2f3772c-dd91-11ed-a2d6-4ccc6a6d7a36', 'VariableUpdate', 'fb6b0f41-dd90-11ed-a2d6-4ccc6a6d7a36', 'fb6b0f44-dd90-11ed-a2d6-4ccc6a6d7a36', 'fb6b0f47-dd90-11ed-a2d6-4ccc6a6d7a36', NULL, 'FormProperty_3qipis2', 'string', 0, '2023-04-18 10:35:36.065', NULL, NULL, NULL, '0', NULL);
INSERT INTO `act_hi_detail` VALUES ('b2f3772e-dd91-11ed-a2d6-4ccc6a6d7a36', 'VariableUpdate', 'fb6b0f41-dd90-11ed-a2d6-4ccc6a6d7a36', 'fb6b0f44-dd90-11ed-a2d6-4ccc6a6d7a36', 'fb6b0f47-dd90-11ed-a2d6-4ccc6a6d7a36', NULL, 'FormProperty_0lffpcm', 'string', 0, '2023-04-18 10:35:36.065', NULL, NULL, NULL, '好好休息', NULL);
INSERT INTO `act_hi_detail` VALUES ('b31752e0-dd91-11ed-a2d6-4ccc6a6d7a36', 'VariableUpdate', 'fb6b0f41-dd90-11ed-a2d6-4ccc6a6d7a36', 'fb6b0f41-dd90-11ed-a2d6-4ccc6a6d7a36', NULL, NULL, 'FormProperty_3qipis2', 'string', 0, '2023-04-18 10:35:36.300', NULL, NULL, NULL, '0', NULL);
INSERT INTO `act_hi_detail` VALUES ('b31752e2-dd91-11ed-a2d6-4ccc6a6d7a36', 'VariableUpdate', 'fb6b0f41-dd90-11ed-a2d6-4ccc6a6d7a36', 'fb6b0f41-dd90-11ed-a2d6-4ccc6a6d7a36', NULL, NULL, 'FormProperty_0lffpcm', 'string', 0, '2023-04-18 10:35:36.300', NULL, NULL, NULL, '好好休息', NULL);
INSERT INTO `act_hi_detail` VALUES ('b31752e3-dd91-11ed-a2d6-4ccc6a6d7a36', 'VariableUpdate', 'fb6b0f41-dd90-11ed-a2d6-4ccc6a6d7a36', 'fb6b0f41-dd90-11ed-a2d6-4ccc6a6d7a36', NULL, NULL, 'deptLeader', 'string', 1, '2023-04-18 10:35:36.300', NULL, NULL, NULL, 'guanyu,zhaoyun', NULL);
INSERT INTO `act_hi_detail` VALUES ('b3338d78-dd91-11ed-a2d6-4ccc6a6d7a36', 'VariableUpdate', 'fb6b0f41-dd90-11ed-a2d6-4ccc6a6d7a36', 'fb6b0f44-dd90-11ed-a2d6-4ccc6a6d7a36', 'b32c1366-dd91-11ed-a2d6-4ccc6a6d7a36', NULL, 'FormProperty_3qipis2', 'string', 0, '2023-04-18 10:35:36.485', NULL, NULL, NULL, '0', NULL);
INSERT INTO `act_hi_detail` VALUES ('b3338d7a-dd91-11ed-a2d6-4ccc6a6d7a36', 'VariableUpdate', 'fb6b0f41-dd90-11ed-a2d6-4ccc6a6d7a36', 'fb6b0f44-dd90-11ed-a2d6-4ccc6a6d7a36', 'b32c1366-dd91-11ed-a2d6-4ccc6a6d7a36', NULL, 'FormProperty_0lffpcm', 'string', 0, '2023-04-18 10:35:36.485', NULL, NULL, NULL, '好好休息', NULL);
INSERT INTO `act_hi_detail` VALUES ('b3338d7c-dd91-11ed-a2d6-4ccc6a6d7a36', 'VariableUpdate', 'fb6b0f41-dd90-11ed-a2d6-4ccc6a6d7a36', 'fb6b0f44-dd90-11ed-a2d6-4ccc6a6d7a36', 'b32c1366-dd91-11ed-a2d6-4ccc6a6d7a36', NULL, 'deptLeader', 'string', 0, '2023-04-18 10:35:36.485', NULL, NULL, NULL, 'guanyu,zhaoyun', NULL);
INSERT INTO `act_hi_detail` VALUES ('b7acac8c-dd8c-11ed-a2d6-4ccc6a6d7a36', 'VariableUpdate', 'c55f1a0d-dd8b-11ed-a2d6-4ccc6a6d7a36', 'c5600470-dd8b-11ed-a2d6-4ccc6a6d7a36', '271aa232-dd8c-11ed-a2d6-4ccc6a6d7a36', NULL, 'FormProperty_23u95jb', 'string', 0, '2023-04-18 09:59:56.506', NULL, NULL, NULL, '1', NULL);
INSERT INTO `act_hi_detail` VALUES ('b7e6cf5d-dd8c-11ed-a2d6-4ccc6a6d7a36', 'VariableUpdate', 'c55f1a0d-dd8b-11ed-a2d6-4ccc6a6d7a36', 'c55f1a0d-dd8b-11ed-a2d6-4ccc6a6d7a36', NULL, NULL, 'FormProperty_3qipis2', 'string', 1, '2023-04-18 09:59:56.887', NULL, NULL, NULL, '0', NULL);
INSERT INTO `act_hi_detail` VALUES ('b7edad2f-dd8c-11ed-a2d6-4ccc6a6d7a36', 'VariableUpdate', 'c55f1a0d-dd8b-11ed-a2d6-4ccc6a6d7a36', 'c55f1a0d-dd8b-11ed-a2d6-4ccc6a6d7a36', NULL, NULL, 'FormProperty_23u95jb', 'string', 0, '2023-04-18 09:59:56.932', NULL, NULL, NULL, '1', NULL);
INSERT INTO `act_hi_detail` VALUES ('b7edad30-dd8c-11ed-a2d6-4ccc6a6d7a36', 'VariableUpdate', 'c55f1a0d-dd8b-11ed-a2d6-4ccc6a6d7a36', 'c55f1a0d-dd8b-11ed-a2d6-4ccc6a6d7a36', NULL, NULL, 'FormProperty_0lffpcm', 'string', 1, '2023-04-18 09:59:56.932', NULL, NULL, NULL, '去吧', NULL);
INSERT INTO `act_hi_detail` VALUES ('b7f35281-dd8c-11ed-a2d6-4ccc6a6d7a36', 'VariableUpdate', 'c55f1a0d-dd8b-11ed-a2d6-4ccc6a6d7a36', 'c55f1a0d-dd8b-11ed-a2d6-4ccc6a6d7a36', NULL, NULL, 'deptLeader', 'string', 1, '2023-04-18 09:59:56.969', NULL, NULL, NULL, 'guanyu,zhaoyun', NULL);
INSERT INTO `act_hi_detail` VALUES ('bca950ff-dd92-11ed-a2d6-4ccc6a6d7a36', 'VariableUpdate', '1905a47e-dd91-11ed-a2d6-4ccc6a6d7a36', '1905a481-dd91-11ed-a2d6-4ccc6a6d7a36', '1905cb94-dd91-11ed-a2d6-4ccc6a6d7a36', NULL, 'FormProperty_3qipis2', 'string', 0, '2023-04-18 10:43:01.853', NULL, NULL, NULL, '1', NULL);
INSERT INTO `act_hi_detail` VALUES ('bca95101-dd92-11ed-a2d6-4ccc6a6d7a36', 'VariableUpdate', '1905a47e-dd91-11ed-a2d6-4ccc6a6d7a36', '1905a481-dd91-11ed-a2d6-4ccc6a6d7a36', '1905cb94-dd91-11ed-a2d6-4ccc6a6d7a36', NULL, 'FormProperty_0lffpcm', 'string', 0, '2023-04-18 10:43:01.853', NULL, NULL, NULL, '前线战事吃紧！！！', NULL);
INSERT INTO `act_hi_detail` VALUES ('bcc58b93-dd92-11ed-a2d6-4ccc6a6d7a36', 'VariableUpdate', '1905a47e-dd91-11ed-a2d6-4ccc6a6d7a36', '1905a47e-dd91-11ed-a2d6-4ccc6a6d7a36', NULL, NULL, 'FormProperty_3qipis2', 'string', 0, '2023-04-18 10:43:02.038', NULL, NULL, NULL, '1', NULL);
INSERT INTO `act_hi_detail` VALUES ('bcc58b95-dd92-11ed-a2d6-4ccc6a6d7a36', 'VariableUpdate', '1905a47e-dd91-11ed-a2d6-4ccc6a6d7a36', '1905a47e-dd91-11ed-a2d6-4ccc6a6d7a36', NULL, NULL, 'FormProperty_0lffpcm', 'string', 0, '2023-04-18 10:43:02.038', NULL, NULL, NULL, '前线战事吃紧！！！', NULL);
INSERT INTO `act_hi_detail` VALUES ('bcc58b96-dd92-11ed-a2d6-4ccc6a6d7a36', 'VariableUpdate', '1905a47e-dd91-11ed-a2d6-4ccc6a6d7a36', '1905a47e-dd91-11ed-a2d6-4ccc6a6d7a36', NULL, NULL, 'deptLeader', 'string', 1, '2023-04-18 10:43:02.038', NULL, NULL, NULL, 'guanyu,zhaoyun', NULL);
INSERT INTO `act_hi_detail` VALUES ('c55f8f3f-dd8b-11ed-a2d6-4ccc6a6d7a36', 'VariableUpdate', 'c55f1a0d-dd8b-11ed-a2d6-4ccc6a6d7a36', 'c55f1a0d-dd8b-11ed-a2d6-4ccc6a6d7a36', NULL, NULL, 'deptLeader', 'string', 0, '2023-04-18 09:53:09.992', NULL, NULL, NULL, 'guanyu,zhaoyun', NULL);
INSERT INTO `act_hi_detail` VALUES ('c56e8365-dd8b-11ed-a2d6-4ccc6a6d7a36', 'VariableUpdate', 'c55f1a0d-dd8b-11ed-a2d6-4ccc6a6d7a36', 'c5600470-dd8b-11ed-a2d6-4ccc6a6d7a36', 'c5695343-dd8b-11ed-a2d6-4ccc6a6d7a36', NULL, 'deptLeader', 'string', 0, '2023-04-18 09:53:10.090', NULL, NULL, NULL, 'guanyu,zhaoyun', NULL);
INSERT INTO `act_hi_detail` VALUES ('d28e7fac-dd8b-11ed-a2d6-4ccc6a6d7a36', 'VariableUpdate', 'd28e7faa-dd8b-11ed-a2d6-4ccc6a6d7a36', 'd28e7faa-dd8b-11ed-a2d6-4ccc6a6d7a36', NULL, NULL, 'deptLeader', 'string', 0, '2023-04-18 09:53:32.110', NULL, NULL, NULL, 'guanyu,zhaoyun', NULL);
INSERT INTO `act_hi_detail` VALUES ('d2933aa2-dd8b-11ed-a2d6-4ccc6a6d7a36', 'VariableUpdate', 'd28e7faa-dd8b-11ed-a2d6-4ccc6a6d7a36', 'd28ea6bd-dd8b-11ed-a2d6-4ccc6a6d7a36', 'd28ea6c0-dd8b-11ed-a2d6-4ccc6a6d7a36', NULL, 'deptLeader', 'string', 0, '2023-04-18 09:53:32.141', NULL, NULL, NULL, 'guanyu,zhaoyun', NULL);
INSERT INTO `act_hi_detail` VALUES ('e9b54c2a-ddc2-11ed-b1e8-4ccc6a6d7a36', 'VariableUpdate', 'd28e7faa-dd8b-11ed-a2d6-4ccc6a6d7a36', 'd28ea6bd-dd8b-11ed-a2d6-4ccc6a6d7a36', '579f1a36-ddbf-11ed-84b4-4ccc6a6d7a36', NULL, 'FormProperty_23u95jb', 'string', 0, '2023-04-18 16:27:53.272', NULL, NULL, NULL, '1', NULL);
INSERT INTO `act_hi_detail` VALUES ('e9d641ab-ddc2-11ed-b1e8-4ccc6a6d7a36', 'VariableUpdate', 'd28e7faa-dd8b-11ed-a2d6-4ccc6a6d7a36', 'd28e7faa-dd8b-11ed-a2d6-4ccc6a6d7a36', NULL, NULL, 'FormProperty_3qipis2', 'string', 1, '2023-04-18 16:27:53.488', NULL, NULL, NULL, '0', NULL);
INSERT INTO `act_hi_detail` VALUES ('e9da123d-ddc2-11ed-b1e8-4ccc6a6d7a36', 'VariableUpdate', 'd28e7faa-dd8b-11ed-a2d6-4ccc6a6d7a36', 'd28e7faa-dd8b-11ed-a2d6-4ccc6a6d7a36', NULL, NULL, 'FormProperty_23u95jb', 'string', 0, '2023-04-18 16:27:53.513', NULL, NULL, NULL, '1', NULL);
INSERT INTO `act_hi_detail` VALUES ('e9da123e-ddc2-11ed-b1e8-4ccc6a6d7a36', 'VariableUpdate', 'd28e7faa-dd8b-11ed-a2d6-4ccc6a6d7a36', 'd28e7faa-dd8b-11ed-a2d6-4ccc6a6d7a36', NULL, NULL, 'FormProperty_0lffpcm', 'string', 1, '2023-04-18 16:27:53.513', NULL, NULL, NULL, '不用回来了', NULL);
INSERT INTO `act_hi_detail` VALUES ('e9de7f0f-ddc2-11ed-b1e8-4ccc6a6d7a36', 'VariableUpdate', 'd28e7faa-dd8b-11ed-a2d6-4ccc6a6d7a36', 'd28e7faa-dd8b-11ed-a2d6-4ccc6a6d7a36', NULL, NULL, 'deptLeader', 'string', 1, '2023-04-18 16:27:53.542', NULL, NULL, NULL, 'guanyu,zhaoyun', NULL);
INSERT INTO `act_hi_detail` VALUES ('fb6b0f43-dd90-11ed-a2d6-4ccc6a6d7a36', 'VariableUpdate', 'fb6b0f41-dd90-11ed-a2d6-4ccc6a6d7a36', 'fb6b0f41-dd90-11ed-a2d6-4ccc6a6d7a36', NULL, NULL, 'deptLeader', 'string', 0, '2023-04-18 10:30:28.148', NULL, NULL, NULL, 'guanyu,zhaoyun', NULL);
INSERT INTO `act_hi_detail` VALUES ('fb6fca39-dd90-11ed-a2d6-4ccc6a6d7a36', 'VariableUpdate', 'fb6b0f41-dd90-11ed-a2d6-4ccc6a6d7a36', 'fb6b0f44-dd90-11ed-a2d6-4ccc6a6d7a36', 'fb6b0f47-dd90-11ed-a2d6-4ccc6a6d7a36', NULL, 'deptLeader', 'string', 0, '2023-04-18 10:30:28.179', NULL, NULL, NULL, 'guanyu,zhaoyun', NULL);

-- ----------------------------
-- Table structure for act_hi_identitylink
-- ----------------------------
DROP TABLE IF EXISTS `act_hi_identitylink`;
CREATE TABLE `act_hi_identitylink`  (
  `ID_` varchar(64) CHARACTER SET utf8 COLLATE utf8_bin NOT NULL,
  `GROUP_ID_` varchar(255) CHARACTER SET utf8 COLLATE utf8_bin NULL DEFAULT NULL,
  `TYPE_` varchar(255) CHARACTER SET utf8 COLLATE utf8_bin NULL DEFAULT NULL,
  `USER_ID_` varchar(255) CHARACTER SET utf8 COLLATE utf8_bin NULL DEFAULT NULL,
  `TASK_ID_` varchar(64) CHARACTER SET utf8 COLLATE utf8_bin NULL DEFAULT NULL,
  `PROC_INST_ID_` varchar(64) CHARACTER SET utf8 COLLATE utf8_bin NULL DEFAULT NULL,
  PRIMARY KEY (`ID_`) USING BTREE,
  INDEX `ACT_IDX_HI_IDENT_LNK_USER`(`USER_ID_`) USING BTREE,
  INDEX `ACT_IDX_HI_IDENT_LNK_TASK`(`TASK_ID_`) USING BTREE,
  INDEX `ACT_IDX_HI_IDENT_LNK_PROCINST`(`PROC_INST_ID_`) USING BTREE
) ENGINE = InnoDB CHARACTER SET = utf8 COLLATE = utf8_bin ROW_FORMAT = Compact;

-- ----------------------------
-- Records of act_hi_identitylink
-- ----------------------------
INSERT INTO `act_hi_identitylink` VALUES ('0d9f2d59-dd93-11ed-a2d6-4ccc6a6d7a36', NULL, 'participant', 'zhugeliang', NULL, 'fb6b0f41-dd90-11ed-a2d6-4ccc6a6d7a36');
INSERT INTO `act_hi_identitylink` VALUES ('1485bf6d-dd8d-11ed-a2d6-4ccc6a6d7a36', NULL, 'candidate', 'guanyu', '147a74ca-dd8d-11ed-a2d6-4ccc6a6d7a36', NULL);
INSERT INTO `act_hi_identitylink` VALUES ('1485bf6e-dd8d-11ed-a2d6-4ccc6a6d7a36', NULL, 'participant', 'guanyu', NULL, '147a74c4-dd8d-11ed-a2d6-4ccc6a6d7a36');
INSERT INTO `act_hi_identitylink` VALUES ('1485bf6f-dd8d-11ed-a2d6-4ccc6a6d7a36', NULL, 'candidate', 'zhaoyun', '147a74ca-dd8d-11ed-a2d6-4ccc6a6d7a36', NULL);
INSERT INTO `act_hi_identitylink` VALUES ('1485bf70-dd8d-11ed-a2d6-4ccc6a6d7a36', NULL, 'participant', 'zhaoyun', NULL, '147a74c4-dd8d-11ed-a2d6-4ccc6a6d7a36');
INSERT INTO `act_hi_identitylink` VALUES ('16596590-ddc0-11ed-84b4-4ccc6a6d7a36', 'hr', 'candidate', NULL, '16498709-ddc0-11ed-84b4-4ccc6a6d7a36', NULL);
INSERT INTO `act_hi_identitylink` VALUES ('19116457-dd91-11ed-a2d6-4ccc6a6d7a36', NULL, 'candidate', 'guanyu', '1905cb94-dd91-11ed-a2d6-4ccc6a6d7a36', NULL);
INSERT INTO `act_hi_identitylink` VALUES ('19116458-dd91-11ed-a2d6-4ccc6a6d7a36', NULL, 'participant', 'guanyu', NULL, '1905a47e-dd91-11ed-a2d6-4ccc6a6d7a36');
INSERT INTO `act_hi_identitylink` VALUES ('19116459-dd91-11ed-a2d6-4ccc6a6d7a36', NULL, 'candidate', 'zhaoyun', '1905cb94-dd91-11ed-a2d6-4ccc6a6d7a36', NULL);
INSERT INTO `act_hi_identitylink` VALUES ('1911645a-dd91-11ed-a2d6-4ccc6a6d7a36', NULL, 'participant', 'zhaoyun', NULL, '1905a47e-dd91-11ed-a2d6-4ccc6a6d7a36');
INSERT INTO `act_hi_identitylink` VALUES ('27232db9-dd8c-11ed-a2d6-4ccc6a6d7a36', 'hr', 'candidate', NULL, '271aa232-dd8c-11ed-a2d6-4ccc6a6d7a36', NULL);
INSERT INTO `act_hi_identitylink` VALUES ('57a8690d-ddbf-11ed-84b4-4ccc6a6d7a36', 'hr', 'candidate', NULL, '579f1a36-ddbf-11ed-84b4-4ccc6a6d7a36', NULL);
INSERT INTO `act_hi_identitylink` VALUES ('6b8729ca-ddc1-11ed-84b4-4ccc6a6d7a36', NULL, 'candidate', 'guanyu', '6b7e9e47-ddc1-11ed-84b4-4ccc6a6d7a36', NULL);
INSERT INTO `act_hi_identitylink` VALUES ('6b8750db-ddc1-11ed-84b4-4ccc6a6d7a36', NULL, 'participant', 'guanyu', NULL, '6b7e0201-ddc1-11ed-84b4-4ccc6a6d7a36');
INSERT INTO `act_hi_identitylink` VALUES ('6b8750dc-ddc1-11ed-84b4-4ccc6a6d7a36', NULL, 'candidate', 'zhaoyun', '6b7e9e47-ddc1-11ed-84b4-4ccc6a6d7a36', NULL);
INSERT INTO `act_hi_identitylink` VALUES ('6b8750dd-ddc1-11ed-84b4-4ccc6a6d7a36', NULL, 'participant', 'zhaoyun', NULL, '6b7e0201-ddc1-11ed-84b4-4ccc6a6d7a36');
INSERT INTO `act_hi_identitylink` VALUES ('82cd9170-ddc1-11ed-84b4-4ccc6a6d7a36', 'hr', 'candidate', NULL, '82c490b9-ddc1-11ed-84b4-4ccc6a6d7a36', NULL);
INSERT INTO `act_hi_identitylink` VALUES ('b338215d-dd91-11ed-a2d6-4ccc6a6d7a36', 'hr', 'candidate', NULL, 'b32c1366-dd91-11ed-a2d6-4ccc6a6d7a36', NULL);
INSERT INTO `act_hi_identitylink` VALUES ('b708f27a-dd8c-11ed-a2d6-4ccc6a6d7a36', NULL, 'participant', 'zhugeliang', NULL, 'c55f1a0d-dd8b-11ed-a2d6-4ccc6a6d7a36');
INSERT INTO `act_hi_identitylink` VALUES ('c5749de6-dd8b-11ed-a2d6-4ccc6a6d7a36', NULL, 'candidate', 'guanyu', 'c5695343-dd8b-11ed-a2d6-4ccc6a6d7a36', NULL);
INSERT INTO `act_hi_identitylink` VALUES ('c574c4f7-dd8b-11ed-a2d6-4ccc6a6d7a36', NULL, 'participant', 'guanyu', NULL, 'c55f1a0d-dd8b-11ed-a2d6-4ccc6a6d7a36');
INSERT INTO `act_hi_identitylink` VALUES ('c574c4f8-dd8b-11ed-a2d6-4ccc6a6d7a36', NULL, 'candidate', 'zhaoyun', 'c5695343-dd8b-11ed-a2d6-4ccc6a6d7a36', NULL);
INSERT INTO `act_hi_identitylink` VALUES ('c574c4f9-dd8b-11ed-a2d6-4ccc6a6d7a36', NULL, 'participant', 'zhaoyun', NULL, 'c55f1a0d-dd8b-11ed-a2d6-4ccc6a6d7a36');
INSERT INTO `act_hi_identitylink` VALUES ('d296e423-dd8b-11ed-a2d6-4ccc6a6d7a36', NULL, 'candidate', 'guanyu', 'd28ea6c0-dd8b-11ed-a2d6-4ccc6a6d7a36', NULL);
INSERT INTO `act_hi_identitylink` VALUES ('d296e424-dd8b-11ed-a2d6-4ccc6a6d7a36', NULL, 'participant', 'guanyu', NULL, 'd28e7faa-dd8b-11ed-a2d6-4ccc6a6d7a36');
INSERT INTO `act_hi_identitylink` VALUES ('d296e425-dd8b-11ed-a2d6-4ccc6a6d7a36', NULL, 'candidate', 'zhaoyun', 'd28ea6c0-dd8b-11ed-a2d6-4ccc6a6d7a36', NULL);
INSERT INTO `act_hi_identitylink` VALUES ('d2970b36-dd8b-11ed-a2d6-4ccc6a6d7a36', NULL, 'participant', 'zhaoyun', NULL, 'd28e7faa-dd8b-11ed-a2d6-4ccc6a6d7a36');
INSERT INTO `act_hi_identitylink` VALUES ('e91a6bb8-ddc2-11ed-b1e8-4ccc6a6d7a36', NULL, 'participant', 'zhugeliang', NULL, 'd28e7faa-dd8b-11ed-a2d6-4ccc6a6d7a36');
INSERT INTO `act_hi_identitylink` VALUES ('fb74ac3a-dd90-11ed-a2d6-4ccc6a6d7a36', NULL, 'candidate', 'guanyu', 'fb6b0f47-dd90-11ed-a2d6-4ccc6a6d7a36', NULL);
INSERT INTO `act_hi_identitylink` VALUES ('fb74ac3b-dd90-11ed-a2d6-4ccc6a6d7a36', NULL, 'participant', 'guanyu', NULL, 'fb6b0f41-dd90-11ed-a2d6-4ccc6a6d7a36');
INSERT INTO `act_hi_identitylink` VALUES ('fb74ac3c-dd90-11ed-a2d6-4ccc6a6d7a36', NULL, 'candidate', 'zhaoyun', 'fb6b0f47-dd90-11ed-a2d6-4ccc6a6d7a36', NULL);
INSERT INTO `act_hi_identitylink` VALUES ('fb74ac3d-dd90-11ed-a2d6-4ccc6a6d7a36', NULL, 'participant', 'zhaoyun', NULL, 'fb6b0f41-dd90-11ed-a2d6-4ccc6a6d7a36');

-- ----------------------------
-- Table structure for act_hi_procinst
-- ----------------------------
DROP TABLE IF EXISTS `act_hi_procinst`;
CREATE TABLE `act_hi_procinst`  (
  `ID_` varchar(64) CHARACTER SET utf8 COLLATE utf8_bin NOT NULL,
  `PROC_INST_ID_` varchar(64) CHARACTER SET utf8 COLLATE utf8_bin NOT NULL,
  `BUSINESS_KEY_` varchar(255) CHARACTER SET utf8 COLLATE utf8_bin NULL DEFAULT NULL,
  `PROC_DEF_ID_` varchar(64) CHARACTER SET utf8 COLLATE utf8_bin NOT NULL,
  `START_TIME_` datetime(3) NOT NULL,
  `END_TIME_` datetime(3) NULL DEFAULT NULL,
  `DURATION_` bigint(20) NULL DEFAULT NULL,
  `START_USER_ID_` varchar(255) CHARACTER SET utf8 COLLATE utf8_bin NULL DEFAULT NULL,
  `START_ACT_ID_` varchar(255) CHARACTER SET utf8 COLLATE utf8_bin NULL DEFAULT NULL,
  `END_ACT_ID_` varchar(255) CHARACTER SET utf8 COLLATE utf8_bin NULL DEFAULT NULL,
  `SUPER_PROCESS_INSTANCE_ID_` varchar(64) CHARACTER SET utf8 COLLATE utf8_bin NULL DEFAULT NULL,
  `DELETE_REASON_` varchar(4000) CHARACTER SET utf8 COLLATE utf8_bin NULL DEFAULT NULL,
  `TENANT_ID_` varchar(255) CHARACTER SET utf8 COLLATE utf8_bin NULL DEFAULT '',
  `NAME_` varchar(255) CHARACTER SET utf8 COLLATE utf8_bin NULL DEFAULT NULL,
  PRIMARY KEY (`ID_`) USING BTREE,
  UNIQUE INDEX `PROC_INST_ID_`(`PROC_INST_ID_`) USING BTREE,
  INDEX `ACT_IDX_HI_PRO_INST_END`(`END_TIME_`) USING BTREE,
  INDEX `ACT_IDX_HI_PRO_I_BUSKEY`(`BUSINESS_KEY_`) USING BTREE
) ENGINE = InnoDB CHARACTER SET = utf8 COLLATE = utf8_bin ROW_FORMAT = Compact;

-- ----------------------------
-- Records of act_hi_procinst
-- ----------------------------
INSERT INTO `act_hi_procinst` VALUES ('147a74c4-dd8d-11ed-a2d6-4ccc6a6d7a36', '147a74c4-dd8d-11ed-a2d6-4ccc6a6d7a36', '56c0a03a-8c47-4449-8572-b8c45ac22075', 'leave:1:1bb5b8bc-dd8b-11ed-a2d6-4ccc6a6d7a36', '2023-04-18 10:02:32.205', NULL, NULL, NULL, 'startevent1', NULL, NULL, NULL, '', '的事假申请');
INSERT INTO `act_hi_procinst` VALUES ('1905a47e-dd91-11ed-a2d6-4ccc6a6d7a36', '1905a47e-dd91-11ed-a2d6-4ccc6a6d7a36', '3d43af64-01fb-4ec2-84a0-b722220b4eae', 'leave:1:1bb5b8bc-dd8b-11ed-a2d6-4ccc6a6d7a36', '2023-04-18 10:31:17.815', '2023-04-18 10:43:02.798', 704983, NULL, 'startevent1', 'endevent1', NULL, NULL, '', '周仓的病假申请');
INSERT INTO `act_hi_procinst` VALUES ('6b7e0201-ddc1-11ed-84b4-4ccc6a6d7a36', '6b7e0201-ddc1-11ed-84b4-4ccc6a6d7a36', '4f964db4-9b82-4807-a406-b82d58d9f299', 'leave:1:1bb5b8bc-dd8b-11ed-a2d6-4ccc6a6d7a36', '2023-04-18 16:17:12.020', NULL, NULL, NULL, 'startevent1', NULL, NULL, NULL, '', '周仓的事假申请');
INSERT INTO `act_hi_procinst` VALUES ('c55f1a0d-dd8b-11ed-a2d6-4ccc6a6d7a36', 'c55f1a0d-dd8b-11ed-a2d6-4ccc6a6d7a36', 'c1724794-6f06-483c-9b0d-c34ac8699a89', 'leave:1:1bb5b8bc-dd8b-11ed-a2d6-4ccc6a6d7a36', '2023-04-18 09:53:09.989', '2023-04-18 09:59:57.785', 407796, NULL, 'startevent1', 'endevent1', NULL, NULL, '', 'zhoucang的年假申请');
INSERT INTO `act_hi_procinst` VALUES ('d28e7faa-dd8b-11ed-a2d6-4ccc6a6d7a36', 'd28e7faa-dd8b-11ed-a2d6-4ccc6a6d7a36', '12595686-f84a-4e60-a482-aa23cfb076f5', 'leave:1:1bb5b8bc-dd8b-11ed-a2d6-4ccc6a6d7a36', '2023-04-18 09:53:32.110', '2023-04-18 16:27:54.367', 23662257, NULL, 'startevent1', 'endevent1', NULL, NULL, '', 'zhoucang的年假申请');
INSERT INTO `act_hi_procinst` VALUES ('fb6b0f41-dd90-11ed-a2d6-4ccc6a6d7a36', 'fb6b0f41-dd90-11ed-a2d6-4ccc6a6d7a36', 'c32e3de6-8317-41e5-ac3f-dbed41d4564a', 'leave:1:1bb5b8bc-dd8b-11ed-a2d6-4ccc6a6d7a36', '2023-04-18 10:30:28.148', '2023-04-18 10:45:19.636', 891488, NULL, 'startevent1', 'endevent1', NULL, NULL, '', '周仓的病假申请');

-- ----------------------------
-- Table structure for act_hi_taskinst
-- ----------------------------
DROP TABLE IF EXISTS `act_hi_taskinst`;
CREATE TABLE `act_hi_taskinst`  (
  `ID_` varchar(64) CHARACTER SET utf8 COLLATE utf8_bin NOT NULL,
  `PROC_DEF_ID_` varchar(64) CHARACTER SET utf8 COLLATE utf8_bin NULL DEFAULT NULL,
  `TASK_DEF_KEY_` varchar(255) CHARACTER SET utf8 COLLATE utf8_bin NULL DEFAULT NULL,
  `PROC_INST_ID_` varchar(64) CHARACTER SET utf8 COLLATE utf8_bin NULL DEFAULT NULL,
  `EXECUTION_ID_` varchar(64) CHARACTER SET utf8 COLLATE utf8_bin NULL DEFAULT NULL,
  `NAME_` varchar(255) CHARACTER SET utf8 COLLATE utf8_bin NULL DEFAULT NULL,
  `PARENT_TASK_ID_` varchar(64) CHARACTER SET utf8 COLLATE utf8_bin NULL DEFAULT NULL,
  `DESCRIPTION_` varchar(4000) CHARACTER SET utf8 COLLATE utf8_bin NULL DEFAULT NULL,
  `OWNER_` varchar(255) CHARACTER SET utf8 COLLATE utf8_bin NULL DEFAULT NULL,
  `ASSIGNEE_` varchar(255) CHARACTER SET utf8 COLLATE utf8_bin NULL DEFAULT NULL,
  `START_TIME_` datetime(3) NOT NULL,
  `CLAIM_TIME_` datetime(3) NULL DEFAULT NULL,
  `END_TIME_` datetime(3) NULL DEFAULT NULL,
  `DURATION_` bigint(20) NULL DEFAULT NULL,
  `DELETE_REASON_` varchar(4000) CHARACTER SET utf8 COLLATE utf8_bin NULL DEFAULT NULL,
  `PRIORITY_` int(11) NULL DEFAULT NULL,
  `DUE_DATE_` datetime(3) NULL DEFAULT NULL,
  `FORM_KEY_` varchar(255) CHARACTER SET utf8 COLLATE utf8_bin NULL DEFAULT NULL,
  `CATEGORY_` varchar(255) CHARACTER SET utf8 COLLATE utf8_bin NULL DEFAULT NULL,
  `TENANT_ID_` varchar(255) CHARACTER SET utf8 COLLATE utf8_bin NULL DEFAULT '',
  PRIMARY KEY (`ID_`) USING BTREE,
  INDEX `ACT_IDX_HI_TASK_INST_PROCINST`(`PROC_INST_ID_`) USING BTREE
) ENGINE = InnoDB CHARACTER SET = utf8 COLLATE = utf8_bin ROW_FORMAT = Compact;

-- ----------------------------
-- Records of act_hi_taskinst
-- ----------------------------
INSERT INTO `act_hi_taskinst` VALUES ('147a74ca-dd8d-11ed-a2d6-4ccc6a6d7a36', 'leave:1:1bb5b8bc-dd8b-11ed-a2d6-4ccc6a6d7a36', 'deptLeaderVerify', '147a74c4-dd8d-11ed-a2d6-4ccc6a6d7a36', '147a74c7-dd8d-11ed-a2d6-4ccc6a6d7a36', '部门领导审批', NULL, NULL, NULL, 'guanyu', '2023-04-18 10:02:32.205', '2023-04-18 16:07:37.980', '2023-04-18 16:07:39.251', 21907046, NULL, 50, NULL, 'deptLeaderVerify', NULL, '');
INSERT INTO `act_hi_taskinst` VALUES ('16498709-ddc0-11ed-84b4-4ccc6a6d7a36', 'leave:1:1bb5b8bc-dd8b-11ed-a2d6-4ccc6a6d7a36', 'hrVerify', '147a74c4-dd8d-11ed-a2d6-4ccc6a6d7a36', '147a74c7-dd8d-11ed-a2d6-4ccc6a6d7a36', '人事审批', NULL, NULL, NULL, NULL, '2023-04-18 16:07:39.573', NULL, NULL, NULL, NULL, 50, NULL, 'hrVerify', NULL, '');
INSERT INTO `act_hi_taskinst` VALUES ('1905cb94-dd91-11ed-a2d6-4ccc6a6d7a36', 'leave:1:1bb5b8bc-dd8b-11ed-a2d6-4ccc6a6d7a36', 'deptLeaderVerify', '1905a47e-dd91-11ed-a2d6-4ccc6a6d7a36', '1905a481-dd91-11ed-a2d6-4ccc6a6d7a36', '部门领导审批', NULL, NULL, NULL, 'guanyu', '2023-04-18 10:31:17.816', '2023-04-18 10:43:00.806', '2023-04-18 10:43:01.959', 704143, NULL, 50, NULL, 'deptLeaderVerify', NULL, '');
INSERT INTO `act_hi_taskinst` VALUES ('271aa232-dd8c-11ed-a2d6-4ccc6a6d7a36', 'leave:1:1bb5b8bc-dd8b-11ed-a2d6-4ccc6a6d7a36', 'hrVerify', 'c55f1a0d-dd8b-11ed-a2d6-4ccc6a6d7a36', 'c5600470-dd8b-11ed-a2d6-4ccc6a6d7a36', '人事审批', NULL, NULL, NULL, 'zhugeliang', '2023-04-18 09:55:53.957', '2023-04-18 09:59:55.230', '2023-04-18 09:59:56.756', 242799, NULL, 50, NULL, 'hrVerify', NULL, '');
INSERT INTO `act_hi_taskinst` VALUES ('579f1a36-ddbf-11ed-84b4-4ccc6a6d7a36', 'leave:1:1bb5b8bc-dd8b-11ed-a2d6-4ccc6a6d7a36', 'hrVerify', 'd28e7faa-dd8b-11ed-a2d6-4ccc6a6d7a36', 'd28ea6bd-dd8b-11ed-a2d6-4ccc6a6d7a36', '人事审批', NULL, NULL, NULL, 'zhugeliang', '2023-04-18 16:02:19.690', '2023-04-18 16:27:52.126', '2023-04-18 16:27:53.408', 1533718, NULL, 50, NULL, 'hrVerify', NULL, '');
INSERT INTO `act_hi_taskinst` VALUES ('6b7e9e47-ddc1-11ed-84b4-4ccc6a6d7a36', 'leave:1:1bb5b8bc-dd8b-11ed-a2d6-4ccc6a6d7a36', 'deptLeaderVerify', '6b7e0201-ddc1-11ed-84b4-4ccc6a6d7a36', '6b7e5024-ddc1-11ed-84b4-4ccc6a6d7a36', '部门领导审批', NULL, NULL, NULL, 'guanyu', '2023-04-18 16:17:12.024', '2023-04-18 16:17:49.664', '2023-04-18 16:17:50.871', 38847, NULL, 50, NULL, 'deptLeaderVerify', NULL, '');
INSERT INTO `act_hi_taskinst` VALUES ('82c490b9-ddc1-11ed-84b4-4ccc6a6d7a36', 'leave:1:1bb5b8bc-dd8b-11ed-a2d6-4ccc6a6d7a36', 'hrVerify', '6b7e0201-ddc1-11ed-84b4-4ccc6a6d7a36', '6b7e5024-ddc1-11ed-84b4-4ccc6a6d7a36', '人事审批', NULL, NULL, NULL, NULL, '2023-04-18 16:17:51.070', NULL, NULL, NULL, NULL, 50, NULL, 'hrVerify', NULL, '');
INSERT INTO `act_hi_taskinst` VALUES ('b32c1366-dd91-11ed-a2d6-4ccc6a6d7a36', 'leave:1:1bb5b8bc-dd8b-11ed-a2d6-4ccc6a6d7a36', 'hrVerify', 'fb6b0f41-dd90-11ed-a2d6-4ccc6a6d7a36', 'fb6b0f44-dd90-11ed-a2d6-4ccc6a6d7a36', '人事审批', NULL, NULL, NULL, 'zhugeliang', '2023-04-18 10:35:36.436', '2023-04-18 10:45:17.537', '2023-04-18 10:45:18.843', 582407, NULL, 50, NULL, 'hrVerify', NULL, '');
INSERT INTO `act_hi_taskinst` VALUES ('c5695343-dd8b-11ed-a2d6-4ccc6a6d7a36', 'leave:1:1bb5b8bc-dd8b-11ed-a2d6-4ccc6a6d7a36', 'deptLeaderVerify', 'c55f1a0d-dd8b-11ed-a2d6-4ccc6a6d7a36', 'c5600470-dd8b-11ed-a2d6-4ccc6a6d7a36', '部门领导审批', NULL, NULL, NULL, 'guanyu', '2023-04-18 09:53:10.056', '2023-04-18 09:55:52.730', '2023-04-18 09:55:53.760', 163704, NULL, 50, NULL, 'deptLeaderVerify', NULL, '');
INSERT INTO `act_hi_taskinst` VALUES ('d28ea6c0-dd8b-11ed-a2d6-4ccc6a6d7a36', 'leave:1:1bb5b8bc-dd8b-11ed-a2d6-4ccc6a6d7a36', 'deptLeaderVerify', 'd28e7faa-dd8b-11ed-a2d6-4ccc6a6d7a36', 'd28ea6bd-dd8b-11ed-a2d6-4ccc6a6d7a36', '部门领导审批', NULL, NULL, NULL, 'guanyu', '2023-04-18 09:53:32.111', '2023-04-18 16:02:17.980', '2023-04-18 16:02:19.298', 22127187, NULL, 50, NULL, 'deptLeaderVerify', NULL, '');
INSERT INTO `act_hi_taskinst` VALUES ('fb6b0f47-dd90-11ed-a2d6-4ccc6a6d7a36', 'leave:1:1bb5b8bc-dd8b-11ed-a2d6-4ccc6a6d7a36', 'deptLeaderVerify', 'fb6b0f41-dd90-11ed-a2d6-4ccc6a6d7a36', 'fb6b0f44-dd90-11ed-a2d6-4ccc6a6d7a36', '部门领导审批', NULL, NULL, NULL, 'guanyu', '2023-04-18 10:30:28.148', '2023-04-18 10:35:34.831', '2023-04-18 10:35:36.214', 308066, NULL, 50, NULL, 'deptLeaderVerify', NULL, '');

-- ----------------------------
-- Table structure for act_hi_varinst
-- ----------------------------
DROP TABLE IF EXISTS `act_hi_varinst`;
CREATE TABLE `act_hi_varinst`  (
  `ID_` varchar(64) CHARACTER SET utf8 COLLATE utf8_bin NOT NULL,
  `PROC_INST_ID_` varchar(64) CHARACTER SET utf8 COLLATE utf8_bin NULL DEFAULT NULL,
  `EXECUTION_ID_` varchar(64) CHARACTER SET utf8 COLLATE utf8_bin NULL DEFAULT NULL,
  `TASK_ID_` varchar(64) CHARACTER SET utf8 COLLATE utf8_bin NULL DEFAULT NULL,
  `NAME_` varchar(255) CHARACTER SET utf8 COLLATE utf8_bin NOT NULL,
  `VAR_TYPE_` varchar(100) CHARACTER SET utf8 COLLATE utf8_bin NULL DEFAULT NULL,
  `REV_` int(11) NULL DEFAULT NULL,
  `BYTEARRAY_ID_` varchar(64) CHARACTER SET utf8 COLLATE utf8_bin NULL DEFAULT NULL,
  `DOUBLE_` double NULL DEFAULT NULL,
  `LONG_` bigint(20) NULL DEFAULT NULL,
  `TEXT_` varchar(4000) CHARACTER SET utf8 COLLATE utf8_bin NULL DEFAULT NULL,
  `TEXT2_` varchar(4000) CHARACTER SET utf8 COLLATE utf8_bin NULL DEFAULT NULL,
  `CREATE_TIME_` datetime(3) NULL DEFAULT NULL,
  `LAST_UPDATED_TIME_` datetime(3) NULL DEFAULT NULL,
  PRIMARY KEY (`ID_`) USING BTREE,
  INDEX `ACT_IDX_HI_PROCVAR_PROC_INST`(`PROC_INST_ID_`) USING BTREE,
  INDEX `ACT_IDX_HI_PROCVAR_NAME_TYPE`(`NAME_`, `VAR_TYPE_`) USING BTREE,
  INDEX `ACT_IDX_HI_PROCVAR_TASK_ID`(`TASK_ID_`) USING BTREE
) ENGINE = InnoDB CHARACTER SET = utf8 COLLATE = utf8_bin ROW_FORMAT = Compact;

-- ----------------------------
-- Records of act_hi_varinst
-- ----------------------------
INSERT INTO `act_hi_varinst` VALUES ('0e404f5a-dd93-11ed-a2d6-4ccc6a6d7a36', 'fb6b0f41-dd90-11ed-a2d6-4ccc6a6d7a36', 'fb6b0f44-dd90-11ed-a2d6-4ccc6a6d7a36', 'b32c1366-dd91-11ed-a2d6-4ccc6a6d7a36', 'FormProperty_23u95jb', 'string', 0, NULL, NULL, NULL, '0', NULL, '2023-04-18 10:45:18.738', '2023-04-18 10:45:18.738');
INSERT INTO `act_hi_varinst` VALUES ('0e60818d-dd93-11ed-a2d6-4ccc6a6d7a36', 'fb6b0f41-dd90-11ed-a2d6-4ccc6a6d7a36', 'fb6b0f41-dd90-11ed-a2d6-4ccc6a6d7a36', NULL, 'FormProperty_23u95jb', 'string', 0, NULL, NULL, NULL, '0', NULL, '2023-04-18 10:45:18.949', '2023-04-18 10:45:18.949');
INSERT INTO `act_hi_varinst` VALUES ('147a74c5-dd8d-11ed-a2d6-4ccc6a6d7a36', '147a74c4-dd8d-11ed-a2d6-4ccc6a6d7a36', '147a74c4-dd8d-11ed-a2d6-4ccc6a6d7a36', NULL, 'deptLeader', 'string', 1, NULL, NULL, NULL, 'guanyu,zhaoyun', NULL, '2023-04-18 10:02:32.205', '2023-04-18 16:07:39.443');
INSERT INTO `act_hi_varinst` VALUES ('147fcbfb-dd8d-11ed-a2d6-4ccc6a6d7a36', '147a74c4-dd8d-11ed-a2d6-4ccc6a6d7a36', '147a74c7-dd8d-11ed-a2d6-4ccc6a6d7a36', '147a74ca-dd8d-11ed-a2d6-4ccc6a6d7a36', 'deptLeader', 'string', 0, NULL, NULL, NULL, 'guanyu,zhaoyun', NULL, '2023-04-18 10:02:32.240', '2023-04-18 10:02:32.240');
INSERT INTO `act_hi_varinst` VALUES ('16068a8e-ddc0-11ed-84b4-4ccc6a6d7a36', '147a74c4-dd8d-11ed-a2d6-4ccc6a6d7a36', '147a74c7-dd8d-11ed-a2d6-4ccc6a6d7a36', '147a74ca-dd8d-11ed-a2d6-4ccc6a6d7a36', 'FormProperty_3qipis2', 'string', 0, NULL, NULL, NULL, '0', NULL, '2023-04-18 16:07:39.134', '2023-04-18 16:07:39.134');
INSERT INTO `act_hi_varinst` VALUES ('16068a90-ddc0-11ed-84b4-4ccc6a6d7a36', '147a74c4-dd8d-11ed-a2d6-4ccc6a6d7a36', '147a74c7-dd8d-11ed-a2d6-4ccc6a6d7a36', '147a74ca-dd8d-11ed-a2d6-4ccc6a6d7a36', 'FormProperty_0lffpcm', 'string', 0, NULL, NULL, NULL, '去吧', NULL, '2023-04-18 16:07:39.134', '2023-04-18 16:07:39.134');
INSERT INTO `act_hi_varinst` VALUES ('163032a2-ddc0-11ed-84b4-4ccc6a6d7a36', '147a74c4-dd8d-11ed-a2d6-4ccc6a6d7a36', '147a74c4-dd8d-11ed-a2d6-4ccc6a6d7a36', NULL, 'FormProperty_3qipis2', 'string', 0, NULL, NULL, NULL, '0', NULL, '2023-04-18 16:07:39.407', '2023-04-18 16:07:39.407');
INSERT INTO `act_hi_varinst` VALUES ('163032a4-ddc0-11ed-84b4-4ccc6a6d7a36', '147a74c4-dd8d-11ed-a2d6-4ccc6a6d7a36', '147a74c4-dd8d-11ed-a2d6-4ccc6a6d7a36', NULL, 'FormProperty_0lffpcm', 'string', 0, NULL, NULL, NULL, '去吧', NULL, '2023-04-18 16:07:39.407', '2023-04-18 16:07:39.407');
INSERT INTO `act_hi_varinst` VALUES ('1651011a-ddc0-11ed-84b4-4ccc6a6d7a36', '147a74c4-dd8d-11ed-a2d6-4ccc6a6d7a36', '147a74c7-dd8d-11ed-a2d6-4ccc6a6d7a36', '16498709-ddc0-11ed-84b4-4ccc6a6d7a36', 'FormProperty_3qipis2', 'string', 0, NULL, NULL, NULL, '0', NULL, '2023-04-18 16:07:39.622', '2023-04-18 16:07:39.622');
INSERT INTO `act_hi_varinst` VALUES ('1651011c-ddc0-11ed-84b4-4ccc6a6d7a36', '147a74c4-dd8d-11ed-a2d6-4ccc6a6d7a36', '147a74c7-dd8d-11ed-a2d6-4ccc6a6d7a36', '16498709-ddc0-11ed-84b4-4ccc6a6d7a36', 'FormProperty_0lffpcm', 'string', 0, NULL, NULL, NULL, '去吧', NULL, '2023-04-18 16:07:39.622', '2023-04-18 16:07:39.622');
INSERT INTO `act_hi_varinst` VALUES ('1651011e-ddc0-11ed-84b4-4ccc6a6d7a36', '147a74c4-dd8d-11ed-a2d6-4ccc6a6d7a36', '147a74c7-dd8d-11ed-a2d6-4ccc6a6d7a36', '16498709-ddc0-11ed-84b4-4ccc6a6d7a36', 'deptLeader', 'string', 0, NULL, NULL, NULL, 'guanyu,zhaoyun', NULL, '2023-04-18 16:07:39.622', '2023-04-18 16:07:39.622');
INSERT INTO `act_hi_varinst` VALUES ('1905a47f-dd91-11ed-a2d6-4ccc6a6d7a36', '1905a47e-dd91-11ed-a2d6-4ccc6a6d7a36', '1905a47e-dd91-11ed-a2d6-4ccc6a6d7a36', NULL, 'deptLeader', 'string', 1, NULL, NULL, NULL, 'guanyu,zhaoyun', NULL, '2023-04-18 10:31:17.815', '2023-04-18 10:43:02.063');
INSERT INTO `act_hi_varinst` VALUES ('190c0d25-dd91-11ed-a2d6-4ccc6a6d7a36', '1905a47e-dd91-11ed-a2d6-4ccc6a6d7a36', '1905a481-dd91-11ed-a2d6-4ccc6a6d7a36', '1905cb94-dd91-11ed-a2d6-4ccc6a6d7a36', 'deptLeader', 'string', 0, NULL, NULL, NULL, 'guanyu,zhaoyun', NULL, '2023-04-18 10:31:17.857', '2023-04-18 10:31:17.857');
INSERT INTO `act_hi_varinst` VALUES ('26ed77a7-dd8c-11ed-a2d6-4ccc6a6d7a36', 'c55f1a0d-dd8b-11ed-a2d6-4ccc6a6d7a36', 'c5600470-dd8b-11ed-a2d6-4ccc6a6d7a36', 'c5695343-dd8b-11ed-a2d6-4ccc6a6d7a36', 'FormProperty_3qipis2', 'string', 0, NULL, NULL, NULL, '0', NULL, '2023-04-18 09:55:53.661', '2023-04-18 09:55:53.661');
INSERT INTO `act_hi_varinst` VALUES ('26ed77a9-dd8c-11ed-a2d6-4ccc6a6d7a36', 'c55f1a0d-dd8b-11ed-a2d6-4ccc6a6d7a36', 'c5600470-dd8b-11ed-a2d6-4ccc6a6d7a36', 'c5695343-dd8b-11ed-a2d6-4ccc6a6d7a36', 'FormProperty_0lffpcm', 'string', 0, NULL, NULL, NULL, '去吧', NULL, '2023-04-18 09:55:53.661', '2023-04-18 09:55:53.661');
INSERT INTO `act_hi_varinst` VALUES ('2707413b-dd8c-11ed-a2d6-4ccc6a6d7a36', 'c55f1a0d-dd8b-11ed-a2d6-4ccc6a6d7a36', 'c55f1a0d-dd8b-11ed-a2d6-4ccc6a6d7a36', NULL, 'FormProperty_3qipis2', 'string', 1, NULL, NULL, NULL, '0', NULL, '2023-04-18 09:55:53.830', '2023-04-18 09:59:56.932');
INSERT INTO `act_hi_varinst` VALUES ('2707413d-dd8c-11ed-a2d6-4ccc6a6d7a36', 'c55f1a0d-dd8b-11ed-a2d6-4ccc6a6d7a36', 'c55f1a0d-dd8b-11ed-a2d6-4ccc6a6d7a36', NULL, 'FormProperty_0lffpcm', 'string', 1, NULL, NULL, NULL, '去吧', NULL, '2023-04-18 09:55:53.830', '2023-04-18 09:59:56.969');
INSERT INTO `act_hi_varinst` VALUES ('271fab43-dd8c-11ed-a2d6-4ccc6a6d7a36', 'c55f1a0d-dd8b-11ed-a2d6-4ccc6a6d7a36', 'c5600470-dd8b-11ed-a2d6-4ccc6a6d7a36', '271aa232-dd8c-11ed-a2d6-4ccc6a6d7a36', 'FormProperty_3qipis2', 'string', 0, NULL, NULL, NULL, '0', NULL, '2023-04-18 09:55:53.990', '2023-04-18 09:55:53.990');
INSERT INTO `act_hi_varinst` VALUES ('271fab45-dd8c-11ed-a2d6-4ccc6a6d7a36', 'c55f1a0d-dd8b-11ed-a2d6-4ccc6a6d7a36', 'c5600470-dd8b-11ed-a2d6-4ccc6a6d7a36', '271aa232-dd8c-11ed-a2d6-4ccc6a6d7a36', 'FormProperty_0lffpcm', 'string', 0, NULL, NULL, NULL, '去吧', NULL, '2023-04-18 09:55:53.990', '2023-04-18 09:55:53.990');
INSERT INTO `act_hi_varinst` VALUES ('271fab47-dd8c-11ed-a2d6-4ccc6a6d7a36', 'c55f1a0d-dd8b-11ed-a2d6-4ccc6a6d7a36', 'c5600470-dd8b-11ed-a2d6-4ccc6a6d7a36', '271aa232-dd8c-11ed-a2d6-4ccc6a6d7a36', 'deptLeader', 'string', 0, NULL, NULL, NULL, 'guanyu,zhaoyun', NULL, '2023-04-18 09:55:53.990', '2023-04-18 09:55:53.990');
INSERT INTO `act_hi_varinst` VALUES ('574bf11b-ddbf-11ed-84b4-4ccc6a6d7a36', 'd28e7faa-dd8b-11ed-a2d6-4ccc6a6d7a36', 'd28ea6bd-dd8b-11ed-a2d6-4ccc6a6d7a36', 'd28ea6c0-dd8b-11ed-a2d6-4ccc6a6d7a36', 'FormProperty_3qipis2', 'string', 0, NULL, NULL, NULL, '0', NULL, '2023-04-18 16:02:19.145', '2023-04-18 16:02:19.145');
INSERT INTO `act_hi_varinst` VALUES ('574c8d5d-ddbf-11ed-84b4-4ccc6a6d7a36', 'd28e7faa-dd8b-11ed-a2d6-4ccc6a6d7a36', 'd28ea6bd-dd8b-11ed-a2d6-4ccc6a6d7a36', 'd28ea6c0-dd8b-11ed-a2d6-4ccc6a6d7a36', 'FormProperty_0lffpcm', 'string', 0, NULL, NULL, NULL, '不用回来了', NULL, '2023-04-18 16:02:19.148', '2023-04-18 16:02:19.148');
INSERT INTO `act_hi_varinst` VALUES ('577969bf-ddbf-11ed-84b4-4ccc6a6d7a36', 'd28e7faa-dd8b-11ed-a2d6-4ccc6a6d7a36', 'd28e7faa-dd8b-11ed-a2d6-4ccc6a6d7a36', NULL, 'FormProperty_3qipis2', 'string', 1, NULL, NULL, NULL, '0', NULL, '2023-04-18 16:02:19.442', '2023-04-18 16:27:53.511');
INSERT INTO `act_hi_varinst` VALUES ('577969c1-ddbf-11ed-84b4-4ccc6a6d7a36', 'd28e7faa-dd8b-11ed-a2d6-4ccc6a6d7a36', 'd28e7faa-dd8b-11ed-a2d6-4ccc6a6d7a36', NULL, 'FormProperty_0lffpcm', 'string', 1, NULL, NULL, NULL, '不用回来了', NULL, '2023-04-18 16:02:19.442', '2023-04-18 16:27:53.542');
INSERT INTO `act_hi_varinst` VALUES ('57a3ae17-ddbf-11ed-84b4-4ccc6a6d7a36', 'd28e7faa-dd8b-11ed-a2d6-4ccc6a6d7a36', 'd28ea6bd-dd8b-11ed-a2d6-4ccc6a6d7a36', '579f1a36-ddbf-11ed-84b4-4ccc6a6d7a36', 'FormProperty_3qipis2', 'string', 0, NULL, NULL, NULL, '0', NULL, '2023-04-18 16:02:19.719', '2023-04-18 16:02:19.719');
INSERT INTO `act_hi_varinst` VALUES ('57a3ae19-ddbf-11ed-84b4-4ccc6a6d7a36', 'd28e7faa-dd8b-11ed-a2d6-4ccc6a6d7a36', 'd28ea6bd-dd8b-11ed-a2d6-4ccc6a6d7a36', '579f1a36-ddbf-11ed-84b4-4ccc6a6d7a36', 'FormProperty_0lffpcm', 'string', 0, NULL, NULL, NULL, '不用回来了', NULL, '2023-04-18 16:02:19.719', '2023-04-18 16:02:19.719');
INSERT INTO `act_hi_varinst` VALUES ('57a3ae1b-ddbf-11ed-84b4-4ccc6a6d7a36', 'd28e7faa-dd8b-11ed-a2d6-4ccc6a6d7a36', 'd28ea6bd-dd8b-11ed-a2d6-4ccc6a6d7a36', '579f1a36-ddbf-11ed-84b4-4ccc6a6d7a36', 'deptLeader', 'string', 0, NULL, NULL, NULL, 'guanyu,zhaoyun', NULL, '2023-04-18 16:02:19.720', '2023-04-18 16:02:19.720');
INSERT INTO `act_hi_varinst` VALUES ('6b7e5022-ddc1-11ed-84b4-4ccc6a6d7a36', '6b7e0201-ddc1-11ed-84b4-4ccc6a6d7a36', '6b7e0201-ddc1-11ed-84b4-4ccc6a6d7a36', NULL, 'deptLeader', 'string', 1, NULL, NULL, NULL, 'guanyu,zhaoyun', NULL, '2023-04-18 16:17:12.022', '2023-04-18 16:17:50.990');
INSERT INTO `act_hi_varinst` VALUES ('6b82bcf8-ddc1-11ed-84b4-4ccc6a6d7a36', '6b7e0201-ddc1-11ed-84b4-4ccc6a6d7a36', '6b7e5024-ddc1-11ed-84b4-4ccc6a6d7a36', '6b7e9e47-ddc1-11ed-84b4-4ccc6a6d7a36', 'deptLeader', 'string', 0, NULL, NULL, NULL, 'guanyu,zhaoyun', NULL, '2023-04-18 16:17:12.051', '2023-04-18 16:17:12.051');
INSERT INTO `act_hi_varinst` VALUES ('82951c3e-ddc1-11ed-84b4-4ccc6a6d7a36', '6b7e0201-ddc1-11ed-84b4-4ccc6a6d7a36', '6b7e5024-ddc1-11ed-84b4-4ccc6a6d7a36', '6b7e9e47-ddc1-11ed-84b4-4ccc6a6d7a36', 'FormProperty_3qipis2', 'string', 0, NULL, NULL, NULL, '0', NULL, '2023-04-18 16:17:50.760', '2023-04-18 16:17:50.760');
INSERT INTO `act_hi_varinst` VALUES ('82954350-ddc1-11ed-84b4-4ccc6a6d7a36', '6b7e0201-ddc1-11ed-84b4-4ccc6a6d7a36', '6b7e5024-ddc1-11ed-84b4-4ccc6a6d7a36', '6b7e9e47-ddc1-11ed-84b4-4ccc6a6d7a36', 'FormProperty_0lffpcm', 'string', 0, NULL, NULL, NULL, '好2', NULL, '2023-04-18 16:17:50.760', '2023-04-18 16:17:50.760');
INSERT INTO `act_hi_varinst` VALUES ('82b46412-ddc1-11ed-84b4-4ccc6a6d7a36', '6b7e0201-ddc1-11ed-84b4-4ccc6a6d7a36', '6b7e0201-ddc1-11ed-84b4-4ccc6a6d7a36', NULL, 'FormProperty_3qipis2', 'string', 0, NULL, NULL, NULL, '0', NULL, '2023-04-18 16:17:50.964', '2023-04-18 16:17:50.964');
INSERT INTO `act_hi_varinst` VALUES ('82b46414-ddc1-11ed-84b4-4ccc6a6d7a36', '6b7e0201-ddc1-11ed-84b4-4ccc6a6d7a36', '6b7e0201-ddc1-11ed-84b4-4ccc6a6d7a36', NULL, 'FormProperty_0lffpcm', 'string', 0, NULL, NULL, NULL, '好2', NULL, '2023-04-18 16:17:50.964', '2023-04-18 16:17:50.964');
INSERT INTO `act_hi_varinst` VALUES ('82c9c0da-ddc1-11ed-84b4-4ccc6a6d7a36', '6b7e0201-ddc1-11ed-84b4-4ccc6a6d7a36', '6b7e5024-ddc1-11ed-84b4-4ccc6a6d7a36', '82c490b9-ddc1-11ed-84b4-4ccc6a6d7a36', 'FormProperty_3qipis2', 'string', 0, NULL, NULL, NULL, '0', NULL, '2023-04-18 16:17:51.104', '2023-04-18 16:17:51.104');
INSERT INTO `act_hi_varinst` VALUES ('82c9c0dc-ddc1-11ed-84b4-4ccc6a6d7a36', '6b7e0201-ddc1-11ed-84b4-4ccc6a6d7a36', '6b7e5024-ddc1-11ed-84b4-4ccc6a6d7a36', '82c490b9-ddc1-11ed-84b4-4ccc6a6d7a36', 'FormProperty_0lffpcm', 'string', 0, NULL, NULL, NULL, '好2', NULL, '2023-04-18 16:17:51.104', '2023-04-18 16:17:51.104');
INSERT INTO `act_hi_varinst` VALUES ('82c9c0de-ddc1-11ed-84b4-4ccc6a6d7a36', '6b7e0201-ddc1-11ed-84b4-4ccc6a6d7a36', '6b7e5024-ddc1-11ed-84b4-4ccc6a6d7a36', '82c490b9-ddc1-11ed-84b4-4ccc6a6d7a36', 'deptLeader', 'string', 0, NULL, NULL, NULL, 'guanyu,zhaoyun', NULL, '2023-04-18 16:17:51.104', '2023-04-18 16:17:51.104');
INSERT INTO `act_hi_varinst` VALUES ('b2f3772b-dd91-11ed-a2d6-4ccc6a6d7a36', 'fb6b0f41-dd90-11ed-a2d6-4ccc6a6d7a36', 'fb6b0f44-dd90-11ed-a2d6-4ccc6a6d7a36', 'fb6b0f47-dd90-11ed-a2d6-4ccc6a6d7a36', 'FormProperty_3qipis2', 'string', 0, NULL, NULL, NULL, '0', NULL, '2023-04-18 10:35:36.065', '2023-04-18 10:35:36.065');
INSERT INTO `act_hi_varinst` VALUES ('b2f3772d-dd91-11ed-a2d6-4ccc6a6d7a36', 'fb6b0f41-dd90-11ed-a2d6-4ccc6a6d7a36', 'fb6b0f44-dd90-11ed-a2d6-4ccc6a6d7a36', 'fb6b0f47-dd90-11ed-a2d6-4ccc6a6d7a36', 'FormProperty_0lffpcm', 'string', 0, NULL, NULL, NULL, '好好休息', NULL, '2023-04-18 10:35:36.065', '2023-04-18 10:35:36.065');
INSERT INTO `act_hi_varinst` VALUES ('b31752df-dd91-11ed-a2d6-4ccc6a6d7a36', 'fb6b0f41-dd90-11ed-a2d6-4ccc6a6d7a36', 'fb6b0f41-dd90-11ed-a2d6-4ccc6a6d7a36', NULL, 'FormProperty_3qipis2', 'string', 1, NULL, NULL, NULL, '0', NULL, '2023-04-18 10:35:36.300', '2023-04-18 10:45:18.949');
INSERT INTO `act_hi_varinst` VALUES ('b31752e1-dd91-11ed-a2d6-4ccc6a6d7a36', 'fb6b0f41-dd90-11ed-a2d6-4ccc6a6d7a36', 'fb6b0f41-dd90-11ed-a2d6-4ccc6a6d7a36', NULL, 'FormProperty_0lffpcm', 'string', 1, NULL, NULL, NULL, '好好休息', NULL, '2023-04-18 10:35:36.300', '2023-04-18 10:45:18.979');
INSERT INTO `act_hi_varinst` VALUES ('b3338d77-dd91-11ed-a2d6-4ccc6a6d7a36', 'fb6b0f41-dd90-11ed-a2d6-4ccc6a6d7a36', 'fb6b0f44-dd90-11ed-a2d6-4ccc6a6d7a36', 'b32c1366-dd91-11ed-a2d6-4ccc6a6d7a36', 'FormProperty_3qipis2', 'string', 0, NULL, NULL, NULL, '0', NULL, '2023-04-18 10:35:36.485', '2023-04-18 10:35:36.485');
INSERT INTO `act_hi_varinst` VALUES ('b3338d79-dd91-11ed-a2d6-4ccc6a6d7a36', 'fb6b0f41-dd90-11ed-a2d6-4ccc6a6d7a36', 'fb6b0f44-dd90-11ed-a2d6-4ccc6a6d7a36', 'b32c1366-dd91-11ed-a2d6-4ccc6a6d7a36', 'FormProperty_0lffpcm', 'string', 0, NULL, NULL, NULL, '好好休息', NULL, '2023-04-18 10:35:36.485', '2023-04-18 10:35:36.485');
INSERT INTO `act_hi_varinst` VALUES ('b3338d7b-dd91-11ed-a2d6-4ccc6a6d7a36', 'fb6b0f41-dd90-11ed-a2d6-4ccc6a6d7a36', 'fb6b0f44-dd90-11ed-a2d6-4ccc6a6d7a36', 'b32c1366-dd91-11ed-a2d6-4ccc6a6d7a36', 'deptLeader', 'string', 0, NULL, NULL, NULL, 'guanyu,zhaoyun', NULL, '2023-04-18 10:35:36.485', '2023-04-18 10:35:36.485');
INSERT INTO `act_hi_varinst` VALUES ('b7acac8b-dd8c-11ed-a2d6-4ccc6a6d7a36', 'c55f1a0d-dd8b-11ed-a2d6-4ccc6a6d7a36', 'c5600470-dd8b-11ed-a2d6-4ccc6a6d7a36', '271aa232-dd8c-11ed-a2d6-4ccc6a6d7a36', 'FormProperty_23u95jb', 'string', 0, NULL, NULL, NULL, '1', NULL, '2023-04-18 09:59:56.506', '2023-04-18 09:59:56.506');
INSERT INTO `act_hi_varinst` VALUES ('b7edad2e-dd8c-11ed-a2d6-4ccc6a6d7a36', 'c55f1a0d-dd8b-11ed-a2d6-4ccc6a6d7a36', 'c55f1a0d-dd8b-11ed-a2d6-4ccc6a6d7a36', NULL, 'FormProperty_23u95jb', 'string', 0, NULL, NULL, NULL, '1', NULL, '2023-04-18 09:59:56.932', '2023-04-18 09:59:56.932');
INSERT INTO `act_hi_varinst` VALUES ('bca950fe-dd92-11ed-a2d6-4ccc6a6d7a36', '1905a47e-dd91-11ed-a2d6-4ccc6a6d7a36', '1905a481-dd91-11ed-a2d6-4ccc6a6d7a36', '1905cb94-dd91-11ed-a2d6-4ccc6a6d7a36', 'FormProperty_3qipis2', 'string', 0, NULL, NULL, NULL, '1', NULL, '2023-04-18 10:43:01.853', '2023-04-18 10:43:01.853');
INSERT INTO `act_hi_varinst` VALUES ('bca95100-dd92-11ed-a2d6-4ccc6a6d7a36', '1905a47e-dd91-11ed-a2d6-4ccc6a6d7a36', '1905a481-dd91-11ed-a2d6-4ccc6a6d7a36', '1905cb94-dd91-11ed-a2d6-4ccc6a6d7a36', 'FormProperty_0lffpcm', 'string', 0, NULL, NULL, NULL, '前线战事吃紧！！！', NULL, '2023-04-18 10:43:01.853', '2023-04-18 10:43:01.853');
INSERT INTO `act_hi_varinst` VALUES ('bcc58b92-dd92-11ed-a2d6-4ccc6a6d7a36', '1905a47e-dd91-11ed-a2d6-4ccc6a6d7a36', '1905a47e-dd91-11ed-a2d6-4ccc6a6d7a36', NULL, 'FormProperty_3qipis2', 'string', 0, NULL, NULL, NULL, '1', NULL, '2023-04-18 10:43:02.038', '2023-04-18 10:43:02.038');
INSERT INTO `act_hi_varinst` VALUES ('bcc58b94-dd92-11ed-a2d6-4ccc6a6d7a36', '1905a47e-dd91-11ed-a2d6-4ccc6a6d7a36', '1905a47e-dd91-11ed-a2d6-4ccc6a6d7a36', NULL, 'FormProperty_0lffpcm', 'string', 0, NULL, NULL, NULL, '前线战事吃紧！！！', NULL, '2023-04-18 10:43:02.038', '2023-04-18 10:43:02.038');
INSERT INTO `act_hi_varinst` VALUES ('c55f8f3e-dd8b-11ed-a2d6-4ccc6a6d7a36', 'c55f1a0d-dd8b-11ed-a2d6-4ccc6a6d7a36', 'c55f1a0d-dd8b-11ed-a2d6-4ccc6a6d7a36', NULL, 'deptLeader', 'string', 2, NULL, NULL, NULL, 'guanyu,zhaoyun', NULL, '2023-04-18 09:53:09.992', '2023-04-18 09:59:57.007');
INSERT INTO `act_hi_varinst` VALUES ('c56e8364-dd8b-11ed-a2d6-4ccc6a6d7a36', 'c55f1a0d-dd8b-11ed-a2d6-4ccc6a6d7a36', 'c5600470-dd8b-11ed-a2d6-4ccc6a6d7a36', 'c5695343-dd8b-11ed-a2d6-4ccc6a6d7a36', 'deptLeader', 'string', 0, NULL, NULL, NULL, 'guanyu,zhaoyun', NULL, '2023-04-18 09:53:10.090', '2023-04-18 09:53:10.090');
INSERT INTO `act_hi_varinst` VALUES ('d28e7fab-dd8b-11ed-a2d6-4ccc6a6d7a36', 'd28e7faa-dd8b-11ed-a2d6-4ccc6a6d7a36', 'd28e7faa-dd8b-11ed-a2d6-4ccc6a6d7a36', NULL, 'deptLeader', 'string', 2, NULL, NULL, NULL, 'guanyu,zhaoyun', NULL, '2023-04-18 09:53:32.110', '2023-04-18 16:27:53.585');
INSERT INTO `act_hi_varinst` VALUES ('d2933aa1-dd8b-11ed-a2d6-4ccc6a6d7a36', 'd28e7faa-dd8b-11ed-a2d6-4ccc6a6d7a36', 'd28ea6bd-dd8b-11ed-a2d6-4ccc6a6d7a36', 'd28ea6c0-dd8b-11ed-a2d6-4ccc6a6d7a36', 'deptLeader', 'string', 0, NULL, NULL, NULL, 'guanyu,zhaoyun', NULL, '2023-04-18 09:53:32.141', '2023-04-18 09:53:32.141');
INSERT INTO `act_hi_varinst` VALUES ('e9b52519-ddc2-11ed-b1e8-4ccc6a6d7a36', 'd28e7faa-dd8b-11ed-a2d6-4ccc6a6d7a36', 'd28ea6bd-dd8b-11ed-a2d6-4ccc6a6d7a36', '579f1a36-ddbf-11ed-84b4-4ccc6a6d7a36', 'FormProperty_23u95jb', 'string', 0, NULL, NULL, NULL, '1', NULL, '2023-04-18 16:27:53.272', '2023-04-18 16:27:53.272');
INSERT INTO `act_hi_varinst` VALUES ('e9da123c-ddc2-11ed-b1e8-4ccc6a6d7a36', 'd28e7faa-dd8b-11ed-a2d6-4ccc6a6d7a36', 'd28e7faa-dd8b-11ed-a2d6-4ccc6a6d7a36', NULL, 'FormProperty_23u95jb', 'string', 0, NULL, NULL, NULL, '1', NULL, '2023-04-18 16:27:53.513', '2023-04-18 16:27:53.513');
INSERT INTO `act_hi_varinst` VALUES ('fb6b0f42-dd90-11ed-a2d6-4ccc6a6d7a36', 'fb6b0f41-dd90-11ed-a2d6-4ccc6a6d7a36', 'fb6b0f41-dd90-11ed-a2d6-4ccc6a6d7a36', NULL, 'deptLeader', 'string', 2, NULL, NULL, NULL, 'guanyu,zhaoyun', NULL, '2023-04-18 10:30:28.148', '2023-04-18 10:45:19.012');
INSERT INTO `act_hi_varinst` VALUES ('fb6fca38-dd90-11ed-a2d6-4ccc6a6d7a36', 'fb6b0f41-dd90-11ed-a2d6-4ccc6a6d7a36', 'fb6b0f44-dd90-11ed-a2d6-4ccc6a6d7a36', 'fb6b0f47-dd90-11ed-a2d6-4ccc6a6d7a36', 'deptLeader', 'string', 0, NULL, NULL, NULL, 'guanyu,zhaoyun', NULL, '2023-04-18 10:30:28.179', '2023-04-18 10:30:28.179');

-- ----------------------------
-- Table structure for act_procdef_info
-- ----------------------------
DROP TABLE IF EXISTS `act_procdef_info`;
CREATE TABLE `act_procdef_info`  (
  `ID_` varchar(64) CHARACTER SET utf8 COLLATE utf8_bin NOT NULL,
  `PROC_DEF_ID_` varchar(64) CHARACTER SET utf8 COLLATE utf8_bin NOT NULL,
  `REV_` int(11) NULL DEFAULT NULL,
  `INFO_JSON_ID_` varchar(64) CHARACTER SET utf8 COLLATE utf8_bin NULL DEFAULT NULL,
  PRIMARY KEY (`ID_`) USING BTREE,
  UNIQUE INDEX `ACT_UNIQ_INFO_PROCDEF`(`PROC_DEF_ID_`) USING BTREE,
  INDEX `ACT_IDX_INFO_PROCDEF`(`PROC_DEF_ID_`) USING BTREE,
  INDEX `ACT_FK_INFO_JSON_BA`(`INFO_JSON_ID_`) USING BTREE,
  CONSTRAINT `ACT_FK_INFO_JSON_BA` FOREIGN KEY (`INFO_JSON_ID_`) REFERENCES `act_ge_bytearray` (`ID_`) ON DELETE RESTRICT ON UPDATE RESTRICT,
  CONSTRAINT `ACT_FK_INFO_PROCDEF` FOREIGN KEY (`PROC_DEF_ID_`) REFERENCES `act_re_procdef` (`ID_`) ON DELETE RESTRICT ON UPDATE RESTRICT
) ENGINE = InnoDB CHARACTER SET = utf8 COLLATE = utf8_bin ROW_FORMAT = Compact;

-- ----------------------------
-- Records of act_procdef_info
-- ----------------------------

-- ----------------------------
-- Table structure for act_re_deployment
-- ----------------------------
DROP TABLE IF EXISTS `act_re_deployment`;
CREATE TABLE `act_re_deployment`  (
  `ID_` varchar(64) CHARACTER SET utf8 COLLATE utf8_bin NOT NULL,
  `NAME_` varchar(255) CHARACTER SET utf8 COLLATE utf8_bin NULL DEFAULT NULL,
  `CATEGORY_` varchar(255) CHARACTER SET utf8 COLLATE utf8_bin NULL DEFAULT NULL,
  `KEY_` varchar(255) CHARACTER SET utf8 COLLATE utf8_bin NULL DEFAULT NULL,
  `TENANT_ID_` varchar(255) CHARACTER SET utf8 COLLATE utf8_bin NULL DEFAULT '',
  `DEPLOY_TIME_` timestamp(3) NULL DEFAULT NULL,
  `ENGINE_VERSION_` varchar(255) CHARACTER SET utf8 COLLATE utf8_bin NULL DEFAULT NULL,
  `PROJECT_RELEASE_VERSION_` varchar(255) CHARACTER SET utf8 COLLATE utf8_bin NULL DEFAULT NULL,
  `VERSION_` varchar(255) CHARACTER SET utf8 COLLATE utf8_bin NULL DEFAULT NULL,
  PRIMARY KEY (`ID_`) USING BTREE
) ENGINE = InnoDB CHARACTER SET = utf8 COLLATE = utf8_bin ROW_FORMAT = Compact;

-- ----------------------------
-- Records of act_re_deployment
-- ----------------------------
INSERT INTO `act_re_deployment` VALUES ('1b77c55a-dd8b-11ed-a2d6-4ccc6a6d7a36', NULL, NULL, NULL, '', '2023-04-18 09:48:24.938', NULL, NULL, '1');

-- ----------------------------
-- Table structure for act_re_model
-- ----------------------------
DROP TABLE IF EXISTS `act_re_model`;
CREATE TABLE `act_re_model`  (
  `ID_` varchar(64) CHARACTER SET utf8 COLLATE utf8_bin NOT NULL,
  `REV_` int(11) NULL DEFAULT NULL,
  `NAME_` varchar(255) CHARACTER SET utf8 COLLATE utf8_bin NULL DEFAULT NULL,
  `KEY_` varchar(255) CHARACTER SET utf8 COLLATE utf8_bin NULL DEFAULT NULL,
  `CATEGORY_` varchar(255) CHARACTER SET utf8 COLLATE utf8_bin NULL DEFAULT NULL,
  `CREATE_TIME_` timestamp(3) NULL DEFAULT NULL,
  `LAST_UPDATE_TIME_` timestamp(3) NULL DEFAULT NULL,
  `VERSION_` int(11) NULL DEFAULT NULL,
  `META_INFO_` varchar(4000) CHARACTER SET utf8 COLLATE utf8_bin NULL DEFAULT NULL,
  `DEPLOYMENT_ID_` varchar(64) CHARACTER SET utf8 COLLATE utf8_bin NULL DEFAULT NULL,
  `EDITOR_SOURCE_VALUE_ID_` varchar(64) CHARACTER SET utf8 COLLATE utf8_bin NULL DEFAULT NULL,
  `EDITOR_SOURCE_EXTRA_VALUE_ID_` varchar(64) CHARACTER SET utf8 COLLATE utf8_bin NULL DEFAULT NULL,
  `TENANT_ID_` varchar(255) CHARACTER SET utf8 COLLATE utf8_bin NULL DEFAULT '',
  PRIMARY KEY (`ID_`) USING BTREE,
  INDEX `ACT_FK_MODEL_SOURCE`(`EDITOR_SOURCE_VALUE_ID_`) USING BTREE,
  INDEX `ACT_FK_MODEL_SOURCE_EXTRA`(`EDITOR_SOURCE_EXTRA_VALUE_ID_`) USING BTREE,
  INDEX `ACT_FK_MODEL_DEPLOYMENT`(`DEPLOYMENT_ID_`) USING BTREE,
  CONSTRAINT `ACT_FK_MODEL_DEPLOYMENT` FOREIGN KEY (`DEPLOYMENT_ID_`) REFERENCES `act_re_deployment` (`ID_`) ON DELETE RESTRICT ON UPDATE RESTRICT,
  CONSTRAINT `ACT_FK_MODEL_SOURCE` FOREIGN KEY (`EDITOR_SOURCE_VALUE_ID_`) REFERENCES `act_ge_bytearray` (`ID_`) ON DELETE RESTRICT ON UPDATE RESTRICT,
  CONSTRAINT `ACT_FK_MODEL_SOURCE_EXTRA` FOREIGN KEY (`EDITOR_SOURCE_EXTRA_VALUE_ID_`) REFERENCES `act_ge_bytearray` (`ID_`) ON DELETE RESTRICT ON UPDATE RESTRICT
) ENGINE = InnoDB CHARACTER SET = utf8 COLLATE = utf8_bin ROW_FORMAT = Compact;

-- ----------------------------
-- Records of act_re_model
-- ----------------------------

-- ----------------------------
-- Table structure for act_re_procdef
-- ----------------------------
DROP TABLE IF EXISTS `act_re_procdef`;
CREATE TABLE `act_re_procdef`  (
  `ID_` varchar(64) CHARACTER SET utf8 COLLATE utf8_bin NOT NULL,
  `REV_` int(11) NULL DEFAULT NULL,
  `CATEGORY_` varchar(255) CHARACTER SET utf8 COLLATE utf8_bin NULL DEFAULT NULL,
  `NAME_` varchar(255) CHARACTER SET utf8 COLLATE utf8_bin NULL DEFAULT NULL,
  `KEY_` varchar(255) CHARACTER SET utf8 COLLATE utf8_bin NOT NULL,
  `VERSION_` int(11) NOT NULL,
  `DEPLOYMENT_ID_` varchar(64) CHARACTER SET utf8 COLLATE utf8_bin NULL DEFAULT NULL,
  `RESOURCE_NAME_` varchar(4000) CHARACTER SET utf8 COLLATE utf8_bin NULL DEFAULT NULL,
  `DGRM_RESOURCE_NAME_` varchar(4000) CHARACTER SET utf8 COLLATE utf8_bin NULL DEFAULT NULL,
  `DESCRIPTION_` varchar(4000) CHARACTER SET utf8 COLLATE utf8_bin NULL DEFAULT NULL,
  `HAS_START_FORM_KEY_` tinyint(4) NULL DEFAULT NULL,
  `HAS_GRAPHICAL_NOTATION_` tinyint(4) NULL DEFAULT NULL,
  `SUSPENSION_STATE_` int(11) NULL DEFAULT NULL,
  `TENANT_ID_` varchar(255) CHARACTER SET utf8 COLLATE utf8_bin NULL DEFAULT '',
  `ENGINE_VERSION_` varchar(255) CHARACTER SET utf8 COLLATE utf8_bin NULL DEFAULT NULL,
  PRIMARY KEY (`ID_`) USING BTREE,
  UNIQUE INDEX `ACT_UNIQ_PROCDEF`(`KEY_`, `VERSION_`, `TENANT_ID_`) USING BTREE
) ENGINE = InnoDB CHARACTER SET = utf8 COLLATE = utf8_bin ROW_FORMAT = Compact;

-- ----------------------------
-- Records of act_re_procdef
-- ----------------------------
INSERT INTO `act_re_procdef` VALUES ('leave:1:1bb5b8bc-dd8b-11ed-a2d6-4ccc6a6d7a36', 1, 'http://www.kafeitu.me/activiti/leave', '请假流程-普通表单', 'leave', 1, '1b77c55a-dd8b-11ed-a2d6-4ccc6a6d7a36', 'leave.bpmn', NULL, '请假流程演示', 0, 1, 1, '', NULL);

-- ----------------------------
-- Table structure for act_ru_deadletter_job
-- ----------------------------
DROP TABLE IF EXISTS `act_ru_deadletter_job`;
CREATE TABLE `act_ru_deadletter_job`  (
  `ID_` varchar(64) CHARACTER SET utf8 COLLATE utf8_bin NOT NULL,
  `REV_` int(11) NULL DEFAULT NULL,
  `TYPE_` varchar(255) CHARACTER SET utf8 COLLATE utf8_bin NOT NULL,
  `EXCLUSIVE_` tinyint(1) NULL DEFAULT NULL,
  `EXECUTION_ID_` varchar(64) CHARACTER SET utf8 COLLATE utf8_bin NULL DEFAULT NULL,
  `PROCESS_INSTANCE_ID_` varchar(64) CHARACTER SET utf8 COLLATE utf8_bin NULL DEFAULT NULL,
  `PROC_DEF_ID_` varchar(64) CHARACTER SET utf8 COLLATE utf8_bin NULL DEFAULT NULL,
  `EXCEPTION_STACK_ID_` varchar(64) CHARACTER SET utf8 COLLATE utf8_bin NULL DEFAULT NULL,
  `EXCEPTION_MSG_` varchar(4000) CHARACTER SET utf8 COLLATE utf8_bin NULL DEFAULT NULL,
  `DUEDATE_` timestamp(3) NULL DEFAULT NULL,
  `REPEAT_` varchar(255) CHARACTER SET utf8 COLLATE utf8_bin NULL DEFAULT NULL,
  `HANDLER_TYPE_` varchar(255) CHARACTER SET utf8 COLLATE utf8_bin NULL DEFAULT NULL,
  `HANDLER_CFG_` varchar(4000) CHARACTER SET utf8 COLLATE utf8_bin NULL DEFAULT NULL,
  `TENANT_ID_` varchar(255) CHARACTER SET utf8 COLLATE utf8_bin NULL DEFAULT '',
  PRIMARY KEY (`ID_`) USING BTREE,
  INDEX `ACT_FK_DEADLETTER_JOB_EXECUTION`(`EXECUTION_ID_`) USING BTREE,
  INDEX `ACT_FK_DEADLETTER_JOB_PROCESS_INSTANCE`(`PROCESS_INSTANCE_ID_`) USING BTREE,
  INDEX `ACT_FK_DEADLETTER_JOB_PROC_DEF`(`PROC_DEF_ID_`) USING BTREE,
  INDEX `ACT_FK_DEADLETTER_JOB_EXCEPTION`(`EXCEPTION_STACK_ID_`) USING BTREE,
  CONSTRAINT `ACT_FK_DEADLETTER_JOB_EXCEPTION` FOREIGN KEY (`EXCEPTION_STACK_ID_`) REFERENCES `act_ge_bytearray` (`ID_`) ON DELETE RESTRICT ON UPDATE RESTRICT,
  CONSTRAINT `ACT_FK_DEADLETTER_JOB_EXECUTION` FOREIGN KEY (`EXECUTION_ID_`) REFERENCES `act_ru_execution` (`ID_`) ON DELETE RESTRICT ON UPDATE RESTRICT,
  CONSTRAINT `ACT_FK_DEADLETTER_JOB_PROCESS_INSTANCE` FOREIGN KEY (`PROCESS_INSTANCE_ID_`) REFERENCES `act_ru_execution` (`ID_`) ON DELETE RESTRICT ON UPDATE RESTRICT,
  CONSTRAINT `ACT_FK_DEADLETTER_JOB_PROC_DEF` FOREIGN KEY (`PROC_DEF_ID_`) REFERENCES `act_re_procdef` (`ID_`) ON DELETE RESTRICT ON UPDATE RESTRICT
) ENGINE = InnoDB CHARACTER SET = utf8 COLLATE = utf8_bin ROW_FORMAT = Compact;

-- ----------------------------
-- Records of act_ru_deadletter_job
-- ----------------------------

-- ----------------------------
-- Table structure for act_ru_event_subscr
-- ----------------------------
DROP TABLE IF EXISTS `act_ru_event_subscr`;
CREATE TABLE `act_ru_event_subscr`  (
  `ID_` varchar(64) CHARACTER SET utf8 COLLATE utf8_bin NOT NULL,
  `REV_` int(11) NULL DEFAULT NULL,
  `EVENT_TYPE_` varchar(255) CHARACTER SET utf8 COLLATE utf8_bin NOT NULL,
  `EVENT_NAME_` varchar(255) CHARACTER SET utf8 COLLATE utf8_bin NULL DEFAULT NULL,
  `EXECUTION_ID_` varchar(64) CHARACTER SET utf8 COLLATE utf8_bin NULL DEFAULT NULL,
  `PROC_INST_ID_` varchar(64) CHARACTER SET utf8 COLLATE utf8_bin NULL DEFAULT NULL,
  `ACTIVITY_ID_` varchar(64) CHARACTER SET utf8 COLLATE utf8_bin NULL DEFAULT NULL,
  `CONFIGURATION_` varchar(255) CHARACTER SET utf8 COLLATE utf8_bin NULL DEFAULT NULL,
  `CREATED_` timestamp(3) NOT NULL DEFAULT CURRENT_TIMESTAMP(3),
  `PROC_DEF_ID_` varchar(64) CHARACTER SET utf8 COLLATE utf8_bin NULL DEFAULT NULL,
  `TENANT_ID_` varchar(255) CHARACTER SET utf8 COLLATE utf8_bin NULL DEFAULT '',
  PRIMARY KEY (`ID_`) USING BTREE,
  INDEX `ACT_IDX_EVENT_SUBSCR_CONFIG_`(`CONFIGURATION_`) USING BTREE,
  INDEX `ACT_FK_EVENT_EXEC`(`EXECUTION_ID_`) USING BTREE,
  CONSTRAINT `ACT_FK_EVENT_EXEC` FOREIGN KEY (`EXECUTION_ID_`) REFERENCES `act_ru_execution` (`ID_`) ON DELETE RESTRICT ON UPDATE RESTRICT
) ENGINE = InnoDB CHARACTER SET = utf8 COLLATE = utf8_bin ROW_FORMAT = Compact;

-- ----------------------------
-- Records of act_ru_event_subscr
-- ----------------------------

-- ----------------------------
-- Table structure for act_ru_execution
-- ----------------------------
DROP TABLE IF EXISTS `act_ru_execution`;
CREATE TABLE `act_ru_execution`  (
  `ID_` varchar(64) CHARACTER SET utf8 COLLATE utf8_bin NOT NULL,
  `REV_` int(11) NULL DEFAULT NULL,
  `PROC_INST_ID_` varchar(64) CHARACTER SET utf8 COLLATE utf8_bin NULL DEFAULT NULL,
  `BUSINESS_KEY_` varchar(255) CHARACTER SET utf8 COLLATE utf8_bin NULL DEFAULT NULL,
  `PARENT_ID_` varchar(64) CHARACTER SET utf8 COLLATE utf8_bin NULL DEFAULT NULL,
  `PROC_DEF_ID_` varchar(64) CHARACTER SET utf8 COLLATE utf8_bin NULL DEFAULT NULL,
  `SUPER_EXEC_` varchar(64) CHARACTER SET utf8 COLLATE utf8_bin NULL DEFAULT NULL,
  `ROOT_PROC_INST_ID_` varchar(64) CHARACTER SET utf8 COLLATE utf8_bin NULL DEFAULT NULL,
  `ACT_ID_` varchar(255) CHARACTER SET utf8 COLLATE utf8_bin NULL DEFAULT NULL,
  `IS_ACTIVE_` tinyint(4) NULL DEFAULT NULL,
  `IS_CONCURRENT_` tinyint(4) NULL DEFAULT NULL,
  `IS_SCOPE_` tinyint(4) NULL DEFAULT NULL,
  `IS_EVENT_SCOPE_` tinyint(4) NULL DEFAULT NULL,
  `IS_MI_ROOT_` tinyint(4) NULL DEFAULT NULL,
  `SUSPENSION_STATE_` int(11) NULL DEFAULT NULL,
  `CACHED_ENT_STATE_` int(11) NULL DEFAULT NULL,
  `TENANT_ID_` varchar(255) CHARACTER SET utf8 COLLATE utf8_bin NULL DEFAULT '',
  `NAME_` varchar(255) CHARACTER SET utf8 COLLATE utf8_bin NULL DEFAULT NULL,
  `START_TIME_` datetime(3) NULL DEFAULT NULL,
  `START_USER_ID_` varchar(255) CHARACTER SET utf8 COLLATE utf8_bin NULL DEFAULT NULL,
  `LOCK_TIME_` timestamp(3) NULL DEFAULT NULL,
  `IS_COUNT_ENABLED_` tinyint(4) NULL DEFAULT NULL,
  `EVT_SUBSCR_COUNT_` int(11) NULL DEFAULT NULL,
  `TASK_COUNT_` int(11) NULL DEFAULT NULL,
  `JOB_COUNT_` int(11) NULL DEFAULT NULL,
  `TIMER_JOB_COUNT_` int(11) NULL DEFAULT NULL,
  `SUSP_JOB_COUNT_` int(11) NULL DEFAULT NULL,
  `DEADLETTER_JOB_COUNT_` int(11) NULL DEFAULT NULL,
  `VAR_COUNT_` int(11) NULL DEFAULT NULL,
  `ID_LINK_COUNT_` int(11) NULL DEFAULT NULL,
  PRIMARY KEY (`ID_`) USING BTREE,
  INDEX `ACT_IDX_EXEC_BUSKEY`(`BUSINESS_KEY_`) USING BTREE,
  INDEX `ACT_IDC_EXEC_ROOT`(`ROOT_PROC_INST_ID_`) USING BTREE,
  INDEX `ACT_FK_EXE_PROCINST`(`PROC_INST_ID_`) USING BTREE,
  INDEX `ACT_FK_EXE_PARENT`(`PARENT_ID_`) USING BTREE,
  INDEX `ACT_FK_EXE_SUPER`(`SUPER_EXEC_`) USING BTREE,
  INDEX `ACT_FK_EXE_PROCDEF`(`PROC_DEF_ID_`) USING BTREE,
  CONSTRAINT `ACT_FK_EXE_PARENT` FOREIGN KEY (`PARENT_ID_`) REFERENCES `act_ru_execution` (`ID_`) ON DELETE CASCADE ON UPDATE RESTRICT,
  CONSTRAINT `ACT_FK_EXE_PROCDEF` FOREIGN KEY (`PROC_DEF_ID_`) REFERENCES `act_re_procdef` (`ID_`) ON DELETE RESTRICT ON UPDATE RESTRICT,
  CONSTRAINT `ACT_FK_EXE_PROCINST` FOREIGN KEY (`PROC_INST_ID_`) REFERENCES `act_ru_execution` (`ID_`) ON DELETE CASCADE ON UPDATE CASCADE,
  CONSTRAINT `ACT_FK_EXE_SUPER` FOREIGN KEY (`SUPER_EXEC_`) REFERENCES `act_ru_execution` (`ID_`) ON DELETE CASCADE ON UPDATE RESTRICT
) ENGINE = InnoDB CHARACTER SET = utf8 COLLATE = utf8_bin ROW_FORMAT = Compact;

-- ----------------------------
-- Records of act_ru_execution
-- ----------------------------
INSERT INTO `act_ru_execution` VALUES ('147a74c4-dd8d-11ed-a2d6-4ccc6a6d7a36', 1, '147a74c4-dd8d-11ed-a2d6-4ccc6a6d7a36', '56c0a03a-8c47-4449-8572-b8c45ac22075', NULL, 'leave:1:1bb5b8bc-dd8b-11ed-a2d6-4ccc6a6d7a36', NULL, '147a74c4-dd8d-11ed-a2d6-4ccc6a6d7a36', NULL, 1, 0, 1, 0, 0, 1, NULL, '', '的事假申请', '2023-04-18 10:02:32.205', NULL, NULL, 0, 0, 0, 0, 0, 0, 0, 0, 0);
INSERT INTO `act_ru_execution` VALUES ('147a74c7-dd8d-11ed-a2d6-4ccc6a6d7a36', 2, '147a74c4-dd8d-11ed-a2d6-4ccc6a6d7a36', NULL, '147a74c4-dd8d-11ed-a2d6-4ccc6a6d7a36', 'leave:1:1bb5b8bc-dd8b-11ed-a2d6-4ccc6a6d7a36', NULL, '147a74c4-dd8d-11ed-a2d6-4ccc6a6d7a36', 'hrVerify', 1, 0, 0, 0, 0, 1, NULL, '', NULL, '2023-04-18 10:02:32.205', NULL, NULL, 0, 0, 0, 0, 0, 0, 0, 0, 0);
INSERT INTO `act_ru_execution` VALUES ('6b7e0201-ddc1-11ed-84b4-4ccc6a6d7a36', 1, '6b7e0201-ddc1-11ed-84b4-4ccc6a6d7a36', '4f964db4-9b82-4807-a406-b82d58d9f299', NULL, 'leave:1:1bb5b8bc-dd8b-11ed-a2d6-4ccc6a6d7a36', NULL, '6b7e0201-ddc1-11ed-84b4-4ccc6a6d7a36', NULL, 1, 0, 1, 0, 0, 1, NULL, '', '周仓的事假申请', '2023-04-18 16:17:12.020', NULL, NULL, 0, 0, 0, 0, 0, 0, 0, 0, 0);
INSERT INTO `act_ru_execution` VALUES ('6b7e5024-ddc1-11ed-84b4-4ccc6a6d7a36', 2, '6b7e0201-ddc1-11ed-84b4-4ccc6a6d7a36', NULL, '6b7e0201-ddc1-11ed-84b4-4ccc6a6d7a36', 'leave:1:1bb5b8bc-dd8b-11ed-a2d6-4ccc6a6d7a36', NULL, '6b7e0201-ddc1-11ed-84b4-4ccc6a6d7a36', 'hrVerify', 1, 0, 0, 0, 0, 1, NULL, '', NULL, '2023-04-18 16:17:12.022', NULL, NULL, 0, 0, 0, 0, 0, 0, 0, 0, 0);

-- ----------------------------
-- Table structure for act_ru_identitylink
-- ----------------------------
DROP TABLE IF EXISTS `act_ru_identitylink`;
CREATE TABLE `act_ru_identitylink`  (
  `ID_` varchar(64) CHARACTER SET utf8 COLLATE utf8_bin NOT NULL,
  `REV_` int(11) NULL DEFAULT NULL,
  `GROUP_ID_` varchar(255) CHARACTER SET utf8 COLLATE utf8_bin NULL DEFAULT NULL,
  `TYPE_` varchar(255) CHARACTER SET utf8 COLLATE utf8_bin NULL DEFAULT NULL,
  `USER_ID_` varchar(255) CHARACTER SET utf8 COLLATE utf8_bin NULL DEFAULT NULL,
  `TASK_ID_` varchar(64) CHARACTER SET utf8 COLLATE utf8_bin NULL DEFAULT NULL,
  `PROC_INST_ID_` varchar(64) CHARACTER SET utf8 COLLATE utf8_bin NULL DEFAULT NULL,
  `PROC_DEF_ID_` varchar(64) CHARACTER SET utf8 COLLATE utf8_bin NULL DEFAULT NULL,
  PRIMARY KEY (`ID_`) USING BTREE,
  INDEX `ACT_IDX_IDENT_LNK_USER`(`USER_ID_`) USING BTREE,
  INDEX `ACT_IDX_IDENT_LNK_GROUP`(`GROUP_ID_`) USING BTREE,
  INDEX `ACT_IDX_ATHRZ_PROCEDEF`(`PROC_DEF_ID_`) USING BTREE,
  INDEX `ACT_FK_TSKASS_TASK`(`TASK_ID_`) USING BTREE,
  INDEX `ACT_FK_IDL_PROCINST`(`PROC_INST_ID_`) USING BTREE,
  CONSTRAINT `ACT_FK_ATHRZ_PROCEDEF` FOREIGN KEY (`PROC_DEF_ID_`) REFERENCES `act_re_procdef` (`ID_`) ON DELETE RESTRICT ON UPDATE RESTRICT,
  CONSTRAINT `ACT_FK_IDL_PROCINST` FOREIGN KEY (`PROC_INST_ID_`) REFERENCES `act_ru_execution` (`ID_`) ON DELETE RESTRICT ON UPDATE RESTRICT,
  CONSTRAINT `ACT_FK_TSKASS_TASK` FOREIGN KEY (`TASK_ID_`) REFERENCES `act_ru_task` (`ID_`) ON DELETE RESTRICT ON UPDATE RESTRICT
) ENGINE = InnoDB CHARACTER SET = utf8 COLLATE = utf8_bin ROW_FORMAT = Compact;

-- ----------------------------
-- Records of act_ru_identitylink
-- ----------------------------
INSERT INTO `act_ru_identitylink` VALUES ('1485bf6e-dd8d-11ed-a2d6-4ccc6a6d7a36', 1, NULL, 'participant', 'guanyu', NULL, '147a74c4-dd8d-11ed-a2d6-4ccc6a6d7a36', NULL);
INSERT INTO `act_ru_identitylink` VALUES ('1485bf70-dd8d-11ed-a2d6-4ccc6a6d7a36', 1, NULL, 'participant', 'zhaoyun', NULL, '147a74c4-dd8d-11ed-a2d6-4ccc6a6d7a36', NULL);
INSERT INTO `act_ru_identitylink` VALUES ('16596590-ddc0-11ed-84b4-4ccc6a6d7a36', 1, 'hr', 'candidate', NULL, '16498709-ddc0-11ed-84b4-4ccc6a6d7a36', NULL, NULL);
INSERT INTO `act_ru_identitylink` VALUES ('6b8750db-ddc1-11ed-84b4-4ccc6a6d7a36', 1, NULL, 'participant', 'guanyu', NULL, '6b7e0201-ddc1-11ed-84b4-4ccc6a6d7a36', NULL);
INSERT INTO `act_ru_identitylink` VALUES ('6b8750dd-ddc1-11ed-84b4-4ccc6a6d7a36', 1, NULL, 'participant', 'zhaoyun', NULL, '6b7e0201-ddc1-11ed-84b4-4ccc6a6d7a36', NULL);
INSERT INTO `act_ru_identitylink` VALUES ('82cd9170-ddc1-11ed-84b4-4ccc6a6d7a36', 1, 'hr', 'candidate', NULL, '82c490b9-ddc1-11ed-84b4-4ccc6a6d7a36', NULL, NULL);

-- ----------------------------
-- Table structure for act_ru_integration
-- ----------------------------
DROP TABLE IF EXISTS `act_ru_integration`;
CREATE TABLE `act_ru_integration`  (
  `ID_` varchar(64) CHARACTER SET utf8 COLLATE utf8_bin NOT NULL,
  `EXECUTION_ID_` varchar(64) CHARACTER SET utf8 COLLATE utf8_bin NULL DEFAULT NULL,
  `PROCESS_INSTANCE_ID_` varchar(64) CHARACTER SET utf8 COLLATE utf8_bin NULL DEFAULT NULL,
  `PROC_DEF_ID_` varchar(64) CHARACTER SET utf8 COLLATE utf8_bin NULL DEFAULT NULL,
  `FLOW_NODE_ID_` varchar(64) CHARACTER SET utf8 COLLATE utf8_bin NULL DEFAULT NULL,
  `CREATED_DATE_` timestamp(3) NULL DEFAULT NULL,
  PRIMARY KEY (`ID_`) USING BTREE,
  INDEX `ACT_FK_INT_EXECUTION`(`EXECUTION_ID_`) USING BTREE,
  INDEX `ACT_FK_INT_PROC_INST`(`PROCESS_INSTANCE_ID_`) USING BTREE,
  INDEX `ACT_FK_INT_PROC_DEF`(`PROC_DEF_ID_`) USING BTREE,
  CONSTRAINT `ACT_FK_INT_EXECUTION` FOREIGN KEY (`EXECUTION_ID_`) REFERENCES `act_ru_execution` (`ID_`) ON DELETE CASCADE ON UPDATE RESTRICT,
  CONSTRAINT `ACT_FK_INT_PROC_DEF` FOREIGN KEY (`PROC_DEF_ID_`) REFERENCES `act_re_procdef` (`ID_`) ON DELETE RESTRICT ON UPDATE RESTRICT,
  CONSTRAINT `ACT_FK_INT_PROC_INST` FOREIGN KEY (`PROCESS_INSTANCE_ID_`) REFERENCES `act_ru_execution` (`ID_`) ON DELETE RESTRICT ON UPDATE RESTRICT
) ENGINE = InnoDB CHARACTER SET = utf8 COLLATE = utf8_bin ROW_FORMAT = Compact;

-- ----------------------------
-- Records of act_ru_integration
-- ----------------------------

-- ----------------------------
-- Table structure for act_ru_job
-- ----------------------------
DROP TABLE IF EXISTS `act_ru_job`;
CREATE TABLE `act_ru_job`  (
  `ID_` varchar(64) CHARACTER SET utf8 COLLATE utf8_bin NOT NULL,
  `REV_` int(11) NULL DEFAULT NULL,
  `TYPE_` varchar(255) CHARACTER SET utf8 COLLATE utf8_bin NOT NULL,
  `LOCK_EXP_TIME_` timestamp(3) NULL DEFAULT NULL,
  `LOCK_OWNER_` varchar(255) CHARACTER SET utf8 COLLATE utf8_bin NULL DEFAULT NULL,
  `EXCLUSIVE_` tinyint(1) NULL DEFAULT NULL,
  `EXECUTION_ID_` varchar(64) CHARACTER SET utf8 COLLATE utf8_bin NULL DEFAULT NULL,
  `PROCESS_INSTANCE_ID_` varchar(64) CHARACTER SET utf8 COLLATE utf8_bin NULL DEFAULT NULL,
  `PROC_DEF_ID_` varchar(64) CHARACTER SET utf8 COLLATE utf8_bin NULL DEFAULT NULL,
  `RETRIES_` int(11) NULL DEFAULT NULL,
  `EXCEPTION_STACK_ID_` varchar(64) CHARACTER SET utf8 COLLATE utf8_bin NULL DEFAULT NULL,
  `EXCEPTION_MSG_` varchar(4000) CHARACTER SET utf8 COLLATE utf8_bin NULL DEFAULT NULL,
  `DUEDATE_` timestamp(3) NULL DEFAULT NULL,
  `REPEAT_` varchar(255) CHARACTER SET utf8 COLLATE utf8_bin NULL DEFAULT NULL,
  `HANDLER_TYPE_` varchar(255) CHARACTER SET utf8 COLLATE utf8_bin NULL DEFAULT NULL,
  `HANDLER_CFG_` varchar(4000) CHARACTER SET utf8 COLLATE utf8_bin NULL DEFAULT NULL,
  `TENANT_ID_` varchar(255) CHARACTER SET utf8 COLLATE utf8_bin NULL DEFAULT '',
  PRIMARY KEY (`ID_`) USING BTREE,
  INDEX `ACT_FK_JOB_EXECUTION`(`EXECUTION_ID_`) USING BTREE,
  INDEX `ACT_FK_JOB_PROCESS_INSTANCE`(`PROCESS_INSTANCE_ID_`) USING BTREE,
  INDEX `ACT_FK_JOB_PROC_DEF`(`PROC_DEF_ID_`) USING BTREE,
  INDEX `ACT_FK_JOB_EXCEPTION`(`EXCEPTION_STACK_ID_`) USING BTREE,
  CONSTRAINT `ACT_FK_JOB_EXCEPTION` FOREIGN KEY (`EXCEPTION_STACK_ID_`) REFERENCES `act_ge_bytearray` (`ID_`) ON DELETE RESTRICT ON UPDATE RESTRICT,
  CONSTRAINT `ACT_FK_JOB_EXECUTION` FOREIGN KEY (`EXECUTION_ID_`) REFERENCES `act_ru_execution` (`ID_`) ON DELETE RESTRICT ON UPDATE RESTRICT,
  CONSTRAINT `ACT_FK_JOB_PROCESS_INSTANCE` FOREIGN KEY (`PROCESS_INSTANCE_ID_`) REFERENCES `act_ru_execution` (`ID_`) ON DELETE RESTRICT ON UPDATE RESTRICT,
  CONSTRAINT `ACT_FK_JOB_PROC_DEF` FOREIGN KEY (`PROC_DEF_ID_`) REFERENCES `act_re_procdef` (`ID_`) ON DELETE RESTRICT ON UPDATE RESTRICT
) ENGINE = InnoDB CHARACTER SET = utf8 COLLATE = utf8_bin ROW_FORMAT = Compact;

-- ----------------------------
-- Records of act_ru_job
-- ----------------------------

-- ----------------------------
-- Table structure for act_ru_suspended_job
-- ----------------------------
DROP TABLE IF EXISTS `act_ru_suspended_job`;
CREATE TABLE `act_ru_suspended_job`  (
  `ID_` varchar(64) CHARACTER SET utf8 COLLATE utf8_bin NOT NULL,
  `REV_` int(11) NULL DEFAULT NULL,
  `TYPE_` varchar(255) CHARACTER SET utf8 COLLATE utf8_bin NOT NULL,
  `EXCLUSIVE_` tinyint(1) NULL DEFAULT NULL,
  `EXECUTION_ID_` varchar(64) CHARACTER SET utf8 COLLATE utf8_bin NULL DEFAULT NULL,
  `PROCESS_INSTANCE_ID_` varchar(64) CHARACTER SET utf8 COLLATE utf8_bin NULL DEFAULT NULL,
  `PROC_DEF_ID_` varchar(64) CHARACTER SET utf8 COLLATE utf8_bin NULL DEFAULT NULL,
  `RETRIES_` int(11) NULL DEFAULT NULL,
  `EXCEPTION_STACK_ID_` varchar(64) CHARACTER SET utf8 COLLATE utf8_bin NULL DEFAULT NULL,
  `EXCEPTION_MSG_` varchar(4000) CHARACTER SET utf8 COLLATE utf8_bin NULL DEFAULT NULL,
  `DUEDATE_` timestamp(3) NULL DEFAULT NULL,
  `REPEAT_` varchar(255) CHARACTER SET utf8 COLLATE utf8_bin NULL DEFAULT NULL,
  `HANDLER_TYPE_` varchar(255) CHARACTER SET utf8 COLLATE utf8_bin NULL DEFAULT NULL,
  `HANDLER_CFG_` varchar(4000) CHARACTER SET utf8 COLLATE utf8_bin NULL DEFAULT NULL,
  `TENANT_ID_` varchar(255) CHARACTER SET utf8 COLLATE utf8_bin NULL DEFAULT '',
  PRIMARY KEY (`ID_`) USING BTREE,
  INDEX `ACT_FK_SUSPENDED_JOB_EXECUTION`(`EXECUTION_ID_`) USING BTREE,
  INDEX `ACT_FK_SUSPENDED_JOB_PROCESS_INSTANCE`(`PROCESS_INSTANCE_ID_`) USING BTREE,
  INDEX `ACT_FK_SUSPENDED_JOB_PROC_DEF`(`PROC_DEF_ID_`) USING BTREE,
  INDEX `ACT_FK_SUSPENDED_JOB_EXCEPTION`(`EXCEPTION_STACK_ID_`) USING BTREE,
  CONSTRAINT `ACT_FK_SUSPENDED_JOB_EXCEPTION` FOREIGN KEY (`EXCEPTION_STACK_ID_`) REFERENCES `act_ge_bytearray` (`ID_`) ON DELETE RESTRICT ON UPDATE RESTRICT,
  CONSTRAINT `ACT_FK_SUSPENDED_JOB_EXECUTION` FOREIGN KEY (`EXECUTION_ID_`) REFERENCES `act_ru_execution` (`ID_`) ON DELETE RESTRICT ON UPDATE RESTRICT,
  CONSTRAINT `ACT_FK_SUSPENDED_JOB_PROCESS_INSTANCE` FOREIGN KEY (`PROCESS_INSTANCE_ID_`) REFERENCES `act_ru_execution` (`ID_`) ON DELETE RESTRICT ON UPDATE RESTRICT,
  CONSTRAINT `ACT_FK_SUSPENDED_JOB_PROC_DEF` FOREIGN KEY (`PROC_DEF_ID_`) REFERENCES `act_re_procdef` (`ID_`) ON DELETE RESTRICT ON UPDATE RESTRICT
) ENGINE = InnoDB CHARACTER SET = utf8 COLLATE = utf8_bin ROW_FORMAT = Compact;

-- ----------------------------
-- Records of act_ru_suspended_job
-- ----------------------------

-- ----------------------------
-- Table structure for act_ru_task
-- ----------------------------
DROP TABLE IF EXISTS `act_ru_task`;
CREATE TABLE `act_ru_task`  (
  `ID_` varchar(64) CHARACTER SET utf8 COLLATE utf8_bin NOT NULL,
  `REV_` int(11) NULL DEFAULT NULL,
  `EXECUTION_ID_` varchar(64) CHARACTER SET utf8 COLLATE utf8_bin NULL DEFAULT NULL,
  `PROC_INST_ID_` varchar(64) CHARACTER SET utf8 COLLATE utf8_bin NULL DEFAULT NULL,
  `PROC_DEF_ID_` varchar(64) CHARACTER SET utf8 COLLATE utf8_bin NULL DEFAULT NULL,
  `NAME_` varchar(255) CHARACTER SET utf8 COLLATE utf8_bin NULL DEFAULT NULL,
  `PARENT_TASK_ID_` varchar(64) CHARACTER SET utf8 COLLATE utf8_bin NULL DEFAULT NULL,
  `DESCRIPTION_` varchar(4000) CHARACTER SET utf8 COLLATE utf8_bin NULL DEFAULT NULL,
  `TASK_DEF_KEY_` varchar(255) CHARACTER SET utf8 COLLATE utf8_bin NULL DEFAULT NULL,
  `OWNER_` varchar(255) CHARACTER SET utf8 COLLATE utf8_bin NULL DEFAULT NULL,
  `ASSIGNEE_` varchar(255) CHARACTER SET utf8 COLLATE utf8_bin NULL DEFAULT NULL,
  `DELEGATION_` varchar(64) CHARACTER SET utf8 COLLATE utf8_bin NULL DEFAULT NULL,
  `PRIORITY_` int(11) NULL DEFAULT NULL,
  `CREATE_TIME_` timestamp(3) NULL DEFAULT NULL,
  `DUE_DATE_` datetime(3) NULL DEFAULT NULL,
  `CATEGORY_` varchar(255) CHARACTER SET utf8 COLLATE utf8_bin NULL DEFAULT NULL,
  `SUSPENSION_STATE_` int(11) NULL DEFAULT NULL,
  `TENANT_ID_` varchar(255) CHARACTER SET utf8 COLLATE utf8_bin NULL DEFAULT '',
  `FORM_KEY_` varchar(255) CHARACTER SET utf8 COLLATE utf8_bin NULL DEFAULT NULL,
  `CLAIM_TIME_` datetime(3) NULL DEFAULT NULL,
  PRIMARY KEY (`ID_`) USING BTREE,
  INDEX `ACT_IDX_TASK_CREATE`(`CREATE_TIME_`) USING BTREE,
  INDEX `ACT_FK_TASK_EXE`(`EXECUTION_ID_`) USING BTREE,
  INDEX `ACT_FK_TASK_PROCINST`(`PROC_INST_ID_`) USING BTREE,
  INDEX `ACT_FK_TASK_PROCDEF`(`PROC_DEF_ID_`) USING BTREE,
  CONSTRAINT `ACT_FK_TASK_EXE` FOREIGN KEY (`EXECUTION_ID_`) REFERENCES `act_ru_execution` (`ID_`) ON DELETE RESTRICT ON UPDATE RESTRICT,
  CONSTRAINT `ACT_FK_TASK_PROCDEF` FOREIGN KEY (`PROC_DEF_ID_`) REFERENCES `act_re_procdef` (`ID_`) ON DELETE RESTRICT ON UPDATE RESTRICT,
  CONSTRAINT `ACT_FK_TASK_PROCINST` FOREIGN KEY (`PROC_INST_ID_`) REFERENCES `act_ru_execution` (`ID_`) ON DELETE RESTRICT ON UPDATE RESTRICT
) ENGINE = InnoDB CHARACTER SET = utf8 COLLATE = utf8_bin ROW_FORMAT = Compact;

-- ----------------------------
-- Records of act_ru_task
-- ----------------------------
INSERT INTO `act_ru_task` VALUES ('16498709-ddc0-11ed-84b4-4ccc6a6d7a36', 1, '147a74c7-dd8d-11ed-a2d6-4ccc6a6d7a36', '147a74c4-dd8d-11ed-a2d6-4ccc6a6d7a36', 'leave:1:1bb5b8bc-dd8b-11ed-a2d6-4ccc6a6d7a36', '人事审批', NULL, NULL, 'hrVerify', NULL, NULL, NULL, 50, '2023-04-18 16:07:39.573', NULL, NULL, 1, '', 'hrVerify', NULL);
INSERT INTO `act_ru_task` VALUES ('82c490b9-ddc1-11ed-84b4-4ccc6a6d7a36', 1, '6b7e5024-ddc1-11ed-84b4-4ccc6a6d7a36', '6b7e0201-ddc1-11ed-84b4-4ccc6a6d7a36', 'leave:1:1bb5b8bc-dd8b-11ed-a2d6-4ccc6a6d7a36', '人事审批', NULL, NULL, 'hrVerify', NULL, NULL, NULL, 50, '2023-04-18 16:17:51.070', NULL, NULL, 1, '', 'hrVerify', NULL);

-- ----------------------------
-- Table structure for act_ru_timer_job
-- ----------------------------
DROP TABLE IF EXISTS `act_ru_timer_job`;
CREATE TABLE `act_ru_timer_job`  (
  `ID_` varchar(64) CHARACTER SET utf8 COLLATE utf8_bin NOT NULL,
  `REV_` int(11) NULL DEFAULT NULL,
  `TYPE_` varchar(255) CHARACTER SET utf8 COLLATE utf8_bin NOT NULL,
  `LOCK_EXP_TIME_` timestamp(3) NULL DEFAULT NULL,
  `LOCK_OWNER_` varchar(255) CHARACTER SET utf8 COLLATE utf8_bin NULL DEFAULT NULL,
  `EXCLUSIVE_` tinyint(1) NULL DEFAULT NULL,
  `EXECUTION_ID_` varchar(64) CHARACTER SET utf8 COLLATE utf8_bin NULL DEFAULT NULL,
  `PROCESS_INSTANCE_ID_` varchar(64) CHARACTER SET utf8 COLLATE utf8_bin NULL DEFAULT NULL,
  `PROC_DEF_ID_` varchar(64) CHARACTER SET utf8 COLLATE utf8_bin NULL DEFAULT NULL,
  `RETRIES_` int(11) NULL DEFAULT NULL,
  `EXCEPTION_STACK_ID_` varchar(64) CHARACTER SET utf8 COLLATE utf8_bin NULL DEFAULT NULL,
  `EXCEPTION_MSG_` varchar(4000) CHARACTER SET utf8 COLLATE utf8_bin NULL DEFAULT NULL,
  `DUEDATE_` timestamp(3) NULL DEFAULT NULL,
  `REPEAT_` varchar(255) CHARACTER SET utf8 COLLATE utf8_bin NULL DEFAULT NULL,
  `HANDLER_TYPE_` varchar(255) CHARACTER SET utf8 COLLATE utf8_bin NULL DEFAULT NULL,
  `HANDLER_CFG_` varchar(4000) CHARACTER SET utf8 COLLATE utf8_bin NULL DEFAULT NULL,
  `TENANT_ID_` varchar(255) CHARACTER SET utf8 COLLATE utf8_bin NULL DEFAULT '',
  PRIMARY KEY (`ID_`) USING BTREE,
  INDEX `ACT_FK_TIMER_JOB_EXECUTION`(`EXECUTION_ID_`) USING BTREE,
  INDEX `ACT_FK_TIMER_JOB_PROCESS_INSTANCE`(`PROCESS_INSTANCE_ID_`) USING BTREE,
  INDEX `ACT_FK_TIMER_JOB_PROC_DEF`(`PROC_DEF_ID_`) USING BTREE,
  INDEX `ACT_FK_TIMER_JOB_EXCEPTION`(`EXCEPTION_STACK_ID_`) USING BTREE,
  CONSTRAINT `ACT_FK_TIMER_JOB_EXCEPTION` FOREIGN KEY (`EXCEPTION_STACK_ID_`) REFERENCES `act_ge_bytearray` (`ID_`) ON DELETE RESTRICT ON UPDATE RESTRICT,
  CONSTRAINT `ACT_FK_TIMER_JOB_EXECUTION` FOREIGN KEY (`EXECUTION_ID_`) REFERENCES `act_ru_execution` (`ID_`) ON DELETE RESTRICT ON UPDATE RESTRICT,
  CONSTRAINT `ACT_FK_TIMER_JOB_PROCESS_INSTANCE` FOREIGN KEY (`PROCESS_INSTANCE_ID_`) REFERENCES `act_ru_execution` (`ID_`) ON DELETE RESTRICT ON UPDATE RESTRICT,
  CONSTRAINT `ACT_FK_TIMER_JOB_PROC_DEF` FOREIGN KEY (`PROC_DEF_ID_`) REFERENCES `act_re_procdef` (`ID_`) ON DELETE RESTRICT ON UPDATE RESTRICT
) ENGINE = InnoDB CHARACTER SET = utf8 COLLATE = utf8_bin ROW_FORMAT = Compact;

-- ----------------------------
-- Records of act_ru_timer_job
-- ----------------------------

-- ----------------------------
-- Table structure for act_ru_variable
-- ----------------------------
DROP TABLE IF EXISTS `act_ru_variable`;
CREATE TABLE `act_ru_variable`  (
  `ID_` varchar(64) CHARACTER SET utf8 COLLATE utf8_bin NOT NULL,
  `REV_` int(11) NULL DEFAULT NULL,
  `TYPE_` varchar(255) CHARACTER SET utf8 COLLATE utf8_bin NOT NULL,
  `NAME_` varchar(255) CHARACTER SET utf8 COLLATE utf8_bin NOT NULL,
  `EXECUTION_ID_` varchar(64) CHARACTER SET utf8 COLLATE utf8_bin NULL DEFAULT NULL,
  `PROC_INST_ID_` varchar(64) CHARACTER SET utf8 COLLATE utf8_bin NULL DEFAULT NULL,
  `TASK_ID_` varchar(64) CHARACTER SET utf8 COLLATE utf8_bin NULL DEFAULT NULL,
  `BYTEARRAY_ID_` varchar(64) CHARACTER SET utf8 COLLATE utf8_bin NULL DEFAULT NULL,
  `DOUBLE_` double NULL DEFAULT NULL,
  `LONG_` bigint(20) NULL DEFAULT NULL,
  `TEXT_` varchar(4000) CHARACTER SET utf8 COLLATE utf8_bin NULL DEFAULT NULL,
  `TEXT2_` varchar(4000) CHARACTER SET utf8 COLLATE utf8_bin NULL DEFAULT NULL,
  PRIMARY KEY (`ID_`) USING BTREE,
  INDEX `ACT_IDX_VARIABLE_TASK_ID`(`TASK_ID_`) USING BTREE,
  INDEX `ACT_FK_VAR_EXE`(`EXECUTION_ID_`) USING BTREE,
  INDEX `ACT_FK_VAR_PROCINST`(`PROC_INST_ID_`) USING BTREE,
  INDEX `ACT_FK_VAR_BYTEARRAY`(`BYTEARRAY_ID_`) USING BTREE,
  CONSTRAINT `ACT_FK_VAR_BYTEARRAY` FOREIGN KEY (`BYTEARRAY_ID_`) REFERENCES `act_ge_bytearray` (`ID_`) ON DELETE RESTRICT ON UPDATE RESTRICT,
  CONSTRAINT `ACT_FK_VAR_EXE` FOREIGN KEY (`EXECUTION_ID_`) REFERENCES `act_ru_execution` (`ID_`) ON DELETE RESTRICT ON UPDATE RESTRICT,
  CONSTRAINT `ACT_FK_VAR_PROCINST` FOREIGN KEY (`PROC_INST_ID_`) REFERENCES `act_ru_execution` (`ID_`) ON DELETE RESTRICT ON UPDATE RESTRICT
) ENGINE = InnoDB CHARACTER SET = utf8 COLLATE = utf8_bin ROW_FORMAT = Compact;

-- ----------------------------
-- Records of act_ru_variable
-- ----------------------------
INSERT INTO `act_ru_variable` VALUES ('147a74c5-dd8d-11ed-a2d6-4ccc6a6d7a36', 1, 'string', 'deptLeader', '147a74c4-dd8d-11ed-a2d6-4ccc6a6d7a36', '147a74c4-dd8d-11ed-a2d6-4ccc6a6d7a36', NULL, NULL, NULL, NULL, 'guanyu,zhaoyun', NULL);
INSERT INTO `act_ru_variable` VALUES ('163032a2-ddc0-11ed-84b4-4ccc6a6d7a36', 1, 'string', 'FormProperty_3qipis2', '147a74c4-dd8d-11ed-a2d6-4ccc6a6d7a36', '147a74c4-dd8d-11ed-a2d6-4ccc6a6d7a36', NULL, NULL, NULL, NULL, '0', NULL);
INSERT INTO `act_ru_variable` VALUES ('163032a4-ddc0-11ed-84b4-4ccc6a6d7a36', 1, 'string', 'FormProperty_0lffpcm', '147a74c4-dd8d-11ed-a2d6-4ccc6a6d7a36', '147a74c4-dd8d-11ed-a2d6-4ccc6a6d7a36', NULL, NULL, NULL, NULL, '去吧', NULL);
INSERT INTO `act_ru_variable` VALUES ('1651011a-ddc0-11ed-84b4-4ccc6a6d7a36', 1, 'string', 'FormProperty_3qipis2', '147a74c7-dd8d-11ed-a2d6-4ccc6a6d7a36', '147a74c4-dd8d-11ed-a2d6-4ccc6a6d7a36', '16498709-ddc0-11ed-84b4-4ccc6a6d7a36', NULL, NULL, NULL, '0', NULL);
INSERT INTO `act_ru_variable` VALUES ('1651011c-ddc0-11ed-84b4-4ccc6a6d7a36', 1, 'string', 'FormProperty_0lffpcm', '147a74c7-dd8d-11ed-a2d6-4ccc6a6d7a36', '147a74c4-dd8d-11ed-a2d6-4ccc6a6d7a36', '16498709-ddc0-11ed-84b4-4ccc6a6d7a36', NULL, NULL, NULL, '去吧', NULL);
INSERT INTO `act_ru_variable` VALUES ('1651011e-ddc0-11ed-84b4-4ccc6a6d7a36', 1, 'string', 'deptLeader', '147a74c7-dd8d-11ed-a2d6-4ccc6a6d7a36', '147a74c4-dd8d-11ed-a2d6-4ccc6a6d7a36', '16498709-ddc0-11ed-84b4-4ccc6a6d7a36', NULL, NULL, NULL, 'guanyu,zhaoyun', NULL);
INSERT INTO `act_ru_variable` VALUES ('6b7e5022-ddc1-11ed-84b4-4ccc6a6d7a36', 1, 'string', 'deptLeader', '6b7e0201-ddc1-11ed-84b4-4ccc6a6d7a36', '6b7e0201-ddc1-11ed-84b4-4ccc6a6d7a36', NULL, NULL, NULL, NULL, 'guanyu,zhaoyun', NULL);
INSERT INTO `act_ru_variable` VALUES ('82b46412-ddc1-11ed-84b4-4ccc6a6d7a36', 1, 'string', 'FormProperty_3qipis2', '6b7e0201-ddc1-11ed-84b4-4ccc6a6d7a36', '6b7e0201-ddc1-11ed-84b4-4ccc6a6d7a36', NULL, NULL, NULL, NULL, '0', NULL);
INSERT INTO `act_ru_variable` VALUES ('82b46414-ddc1-11ed-84b4-4ccc6a6d7a36', 1, 'string', 'FormProperty_0lffpcm', '6b7e0201-ddc1-11ed-84b4-4ccc6a6d7a36', '6b7e0201-ddc1-11ed-84b4-4ccc6a6d7a36', NULL, NULL, NULL, NULL, '好2', NULL);
INSERT INTO `act_ru_variable` VALUES ('82c9c0da-ddc1-11ed-84b4-4ccc6a6d7a36', 1, 'string', 'FormProperty_3qipis2', '6b7e5024-ddc1-11ed-84b4-4ccc6a6d7a36', '6b7e0201-ddc1-11ed-84b4-4ccc6a6d7a36', '82c490b9-ddc1-11ed-84b4-4ccc6a6d7a36', NULL, NULL, NULL, '0', NULL);
INSERT INTO `act_ru_variable` VALUES ('82c9c0dc-ddc1-11ed-84b4-4ccc6a6d7a36', 1, 'string', 'FormProperty_0lffpcm', '6b7e5024-ddc1-11ed-84b4-4ccc6a6d7a36', '6b7e0201-ddc1-11ed-84b4-4ccc6a6d7a36', '82c490b9-ddc1-11ed-84b4-4ccc6a6d7a36', NULL, NULL, NULL, '好2', NULL);
INSERT INTO `act_ru_variable` VALUES ('82c9c0de-ddc1-11ed-84b4-4ccc6a6d7a36', 1, 'string', 'deptLeader', '6b7e5024-ddc1-11ed-84b4-4ccc6a6d7a36', '6b7e0201-ddc1-11ed-84b4-4ccc6a6d7a36', '82c490b9-ddc1-11ed-84b4-4ccc6a6d7a36', NULL, NULL, NULL, 'guanyu,zhaoyun', NULL);

-- ----------------------------
-- Table structure for act_workflow_formdata
-- ----------------------------
DROP TABLE IF EXISTS `act_workflow_formdata`;
CREATE TABLE `act_workflow_formdata`  (
  `id` int(11) NOT NULL AUTO_INCREMENT COMMENT '唯一标识符',
  `business_key` varchar(64) CHARACTER SET utf8 COLLATE utf8_general_ci NULL DEFAULT NULL COMMENT '事务key',
  `form_key` varchar(255) CHARACTER SET utf8 COLLATE utf8_general_ci NULL DEFAULT NULL COMMENT '表单Key',
  `control_id` varchar(64) CHARACTER SET utf8 COLLATE utf8_general_ci NULL DEFAULT NULL COMMENT '表单id',
  `control_name` varchar(64) CHARACTER SET utf8 COLLATE utf8_general_ci NULL DEFAULT NULL COMMENT '表单名',
  `control_value` varchar(2000) CHARACTER SET utf8 COLLATE utf8_general_ci NULL DEFAULT NULL COMMENT '表单值',
  `task_node_name` varchar(64) CHARACTER SET utf8 COLLATE utf8_general_ci NULL DEFAULT NULL COMMENT '任务节点名称',
  `create_name` varchar(64) CHARACTER SET utf8 COLLATE utf8_general_ci NULL DEFAULT NULL COMMENT '创建者姓名',
  `create_by` varchar(32) CHARACTER SET utf8 COLLATE utf8_general_ci NULL DEFAULT NULL COMMENT '创建者',
  `create_time` datetime NULL DEFAULT NULL COMMENT '创建时间',
  PRIMARY KEY (`id`) USING BTREE
) ENGINE = InnoDB AUTO_INCREMENT = 43 CHARACTER SET = utf8 COLLATE = utf8_general_ci COMMENT = '动态表单' ROW_FORMAT = DYNAMIC;

-- ----------------------------
-- Records of act_workflow_formdata
-- ----------------------------
INSERT INTO `act_workflow_formdata` VALUES (25, 'c1724794-6f06-483c-9b0d-c34ac8699a89', 'deptLeaderVerify', 'FormProperty_3qipis2', '审批意见', '同意', '部门领导审批', '关羽', 'guanyu', '2023-04-18 09:55:55');
INSERT INTO `act_workflow_formdata` VALUES (26, 'c1724794-6f06-483c-9b0d-c34ac8699a89', 'deptLeaderVerify', 'FormProperty_0lffpcm', '批注', '去吧', '部门领导审批', '关羽', 'guanyu', '2023-04-18 09:55:55');
INSERT INTO `act_workflow_formdata` VALUES (27, 'c1724794-6f06-483c-9b0d-c34ac8699a89', 'hrVerify', 'FormProperty_23u95jb', '审批意见', '不同意', '人事审批', '诸葛亮', 'zhugeliang', '2023-04-18 09:59:59');
INSERT INTO `act_workflow_formdata` VALUES (28, 'c1724794-6f06-483c-9b0d-c34ac8699a89', 'hrVerify', 'FormProperty_3t7tfkv', '批注', '你年假已用光，重新请事假', '人事审批', '诸葛亮', 'zhugeliang', '2023-04-18 09:59:59');
INSERT INTO `act_workflow_formdata` VALUES (29, 'c32e3de6-8317-41e5-ac3f-dbed41d4564a', 'deptLeaderVerify', 'FormProperty_3qipis2', '审批意见', '同意', '部门领导审批', '关羽', 'guanyu', '2023-04-18 10:35:38');
INSERT INTO `act_workflow_formdata` VALUES (30, 'c32e3de6-8317-41e5-ac3f-dbed41d4564a', 'deptLeaderVerify', 'FormProperty_0lffpcm', '批注', '好好休息', '部门领导审批', '关羽', 'guanyu', '2023-04-18 10:35:38');
INSERT INTO `act_workflow_formdata` VALUES (31, '3d43af64-01fb-4ec2-84a0-b722220b4eae', 'deptLeaderVerify', 'FormProperty_3qipis2', '审批意见', '不同意', '部门领导审批', '关羽', 'guanyu', '2023-04-18 10:43:04');
INSERT INTO `act_workflow_formdata` VALUES (32, '3d43af64-01fb-4ec2-84a0-b722220b4eae', 'deptLeaderVerify', 'FormProperty_0lffpcm', '批注', '前线战事吃紧！！！', '部门领导审批', '关羽', 'guanyu', '2023-04-18 10:43:04');
INSERT INTO `act_workflow_formdata` VALUES (33, 'c32e3de6-8317-41e5-ac3f-dbed41d4564a', 'hrVerify', 'FormProperty_23u95jb', '审批意见', '同意', '人事审批', '诸葛亮', 'zhugeliang', '2023-04-18 10:45:21');
INSERT INTO `act_workflow_formdata` VALUES (34, 'c32e3de6-8317-41e5-ac3f-dbed41d4564a', 'hrVerify', 'FormProperty_3t7tfkv', '批注', '好的', '人事审批', '诸葛亮', 'zhugeliang', '2023-04-18 10:45:21');
INSERT INTO `act_workflow_formdata` VALUES (35, '12595686-f84a-4e60-a482-aa23cfb076f5', 'deptLeaderVerify', 'FormProperty_3qipis2', '审批意见', '同意', '部门领导审批', '关羽', 'guanyu', '2023-04-18 16:02:21');
INSERT INTO `act_workflow_formdata` VALUES (36, '12595686-f84a-4e60-a482-aa23cfb076f5', 'deptLeaderVerify', 'FormProperty_0lffpcm', '批注', '不用回来了', '部门领导审批', '关羽', 'guanyu', '2023-04-18 16:02:21');
INSERT INTO `act_workflow_formdata` VALUES (37, '56c0a03a-8c47-4449-8572-b8c45ac22075', 'deptLeaderVerify', 'FormProperty_3qipis2', '审批意见', '同意', '部门领导审批', '关羽', 'guanyu', '2023-04-18 16:07:41');
INSERT INTO `act_workflow_formdata` VALUES (38, '56c0a03a-8c47-4449-8572-b8c45ac22075', 'deptLeaderVerify', 'FormProperty_0lffpcm', '批注', '去吧', '部门领导审批', '关羽', 'guanyu', '2023-04-18 16:07:41');
INSERT INTO `act_workflow_formdata` VALUES (39, '4f964db4-9b82-4807-a406-b82d58d9f299', 'deptLeaderVerify', 'FormProperty_3qipis2', '审批意见', '同意', '部门领导审批', '关羽', 'guanyu', '2023-04-18 16:17:52');
INSERT INTO `act_workflow_formdata` VALUES (40, '4f964db4-9b82-4807-a406-b82d58d9f299', 'deptLeaderVerify', 'FormProperty_0lffpcm', '批注', '好2', '部门领导审批', '关羽', 'guanyu', '2023-04-18 16:17:52');
INSERT INTO `act_workflow_formdata` VALUES (41, '12595686-f84a-4e60-a482-aa23cfb076f5', 'hrVerify', 'FormProperty_23u95jb', '审批意见', '不同意', '人事审批', '诸葛亮', 'zhugeliang', '2023-04-18 16:27:56');
INSERT INTO `act_workflow_formdata` VALUES (42, '12595686-f84a-4e60-a482-aa23cfb076f5', 'hrVerify', 'FormProperty_3t7tfkv', '批注', '三思啊', '人事审批', '诸葛亮', 'zhugeliang', '2023-04-18 16:27:56');

-- ----------------------------
-- Table structure for gen_table
-- ----------------------------
DROP TABLE IF EXISTS `gen_table`;
CREATE TABLE `gen_table`  (
  `table_id` bigint(20) NOT NULL AUTO_INCREMENT COMMENT '编号',
  `table_name` varchar(200) CHARACTER SET utf8mb4 COLLATE utf8mb4_general_ci NULL DEFAULT '' COMMENT '表名称',
  `table_comment` varchar(500) CHARACTER SET utf8mb4 COLLATE utf8mb4_general_ci NULL DEFAULT '' COMMENT '表描述',
  `sub_table_name` varchar(64) CHARACTER SET utf8mb4 COLLATE utf8mb4_general_ci NULL DEFAULT NULL COMMENT '关联子表的表名',
  `sub_table_fk_name` varchar(64) CHARACTER SET utf8mb4 COLLATE utf8mb4_general_ci NULL DEFAULT NULL COMMENT '子表关联的外键名',
  `class_name` varchar(100) CHARACTER SET utf8mb4 COLLATE utf8mb4_general_ci NULL DEFAULT '' COMMENT '实体类名称',
  `tpl_category` varchar(200) CHARACTER SET utf8mb4 COLLATE utf8mb4_general_ci NULL DEFAULT 'crud' COMMENT '使用的模板（crud单表操作 tree树表操作）',
  `package_name` varchar(100) CHARACTER SET utf8mb4 COLLATE utf8mb4_general_ci NULL DEFAULT NULL COMMENT '生成包路径',
  `module_name` varchar(30) CHARACTER SET utf8mb4 COLLATE utf8mb4_general_ci NULL DEFAULT NULL COMMENT '生成模块名',
  `business_name` varchar(30) CHARACTER SET utf8mb4 COLLATE utf8mb4_general_ci NULL DEFAULT NULL COMMENT '生成业务名',
  `function_name` varchar(50) CHARACTER SET utf8mb4 COLLATE utf8mb4_general_ci NULL DEFAULT NULL COMMENT '生成功能名',
  `function_author` varchar(50) CHARACTER SET utf8mb4 COLLATE utf8mb4_general_ci NULL DEFAULT NULL COMMENT '生成功能作者',
  `gen_type` char(1) CHARACTER SET utf8mb4 COLLATE utf8mb4_general_ci NULL DEFAULT '0' COMMENT '生成代码方式（0zip压缩包 1自定义路径）',
  `gen_path` varchar(200) CHARACTER SET utf8mb4 COLLATE utf8mb4_general_ci NULL DEFAULT '/' COMMENT '生成路径（不填默认项目路径）',
  `options` varchar(1000) CHARACTER SET utf8mb4 COLLATE utf8mb4_general_ci NULL DEFAULT NULL COMMENT '其它生成选项',
  `create_by` varchar(64) CHARACTER SET utf8mb4 COLLATE utf8mb4_general_ci NULL DEFAULT '' COMMENT '创建者',
  `create_time` datetime NULL DEFAULT NULL COMMENT '创建时间',
  `update_by` varchar(64) CHARACTER SET utf8mb4 COLLATE utf8mb4_general_ci NULL DEFAULT '' COMMENT '更新者',
  `update_time` datetime NULL DEFAULT NULL COMMENT '更新时间',
  `remark` varchar(500) CHARACTER SET utf8mb4 COLLATE utf8mb4_general_ci NULL DEFAULT NULL COMMENT '备注',
  PRIMARY KEY (`table_id`) USING BTREE
) ENGINE = InnoDB AUTO_INCREMENT = 1 CHARACTER SET = utf8mb4 COLLATE = utf8mb4_general_ci COMMENT = '代码生成业务表' ROW_FORMAT = Compact;

-- ----------------------------
-- Records of gen_table
-- ----------------------------

-- ----------------------------
-- Table structure for gen_table_column
-- ----------------------------
DROP TABLE IF EXISTS `gen_table_column`;
CREATE TABLE `gen_table_column`  (
  `column_id` bigint(20) NOT NULL AUTO_INCREMENT COMMENT '编号',
  `table_id` varchar(64) CHARACTER SET utf8mb4 COLLATE utf8mb4_general_ci NULL DEFAULT NULL COMMENT '归属表编号',
  `column_name` varchar(200) CHARACTER SET utf8mb4 COLLATE utf8mb4_general_ci NULL DEFAULT NULL COMMENT '列名称',
  `column_comment` varchar(500) CHARACTER SET utf8mb4 COLLATE utf8mb4_general_ci NULL DEFAULT NULL COMMENT '列描述',
  `column_type` varchar(100) CHARACTER SET utf8mb4 COLLATE utf8mb4_general_ci NULL DEFAULT NULL COMMENT '列类型',
  `java_type` varchar(500) CHARACTER SET utf8mb4 COLLATE utf8mb4_general_ci NULL DEFAULT NULL COMMENT 'JAVA类型',
  `java_field` varchar(200) CHARACTER SET utf8mb4 COLLATE utf8mb4_general_ci NULL DEFAULT NULL COMMENT 'JAVA字段名',
  `is_pk` char(1) CHARACTER SET utf8mb4 COLLATE utf8mb4_general_ci NULL DEFAULT NULL COMMENT '是否主键（1是）',
  `is_increment` char(1) CHARACTER SET utf8mb4 COLLATE utf8mb4_general_ci NULL DEFAULT NULL COMMENT '是否自增（1是）',
  `is_required` char(1) CHARACTER SET utf8mb4 COLLATE utf8mb4_general_ci NULL DEFAULT NULL COMMENT '是否必填（1是）',
  `is_insert` char(1) CHARACTER SET utf8mb4 COLLATE utf8mb4_general_ci NULL DEFAULT NULL COMMENT '是否为插入字段（1是）',
  `is_edit` char(1) CHARACTER SET utf8mb4 COLLATE utf8mb4_general_ci NULL DEFAULT NULL COMMENT '是否编辑字段（1是）',
  `is_list` char(1) CHARACTER SET utf8mb4 COLLATE utf8mb4_general_ci NULL DEFAULT NULL COMMENT '是否列表字段（1是）',
  `is_query` char(1) CHARACTER SET utf8mb4 COLLATE utf8mb4_general_ci NULL DEFAULT NULL COMMENT '是否查询字段（1是）',
  `query_type` varchar(200) CHARACTER SET utf8mb4 COLLATE utf8mb4_general_ci NULL DEFAULT 'EQ' COMMENT '查询方式（等于、不等于、大于、小于、范围）',
  `html_type` varchar(200) CHARACTER SET utf8mb4 COLLATE utf8mb4_general_ci NULL DEFAULT NULL COMMENT '显示类型（文本框、文本域、下拉框、复选框、单选框、日期控件）',
  `dict_type` varchar(200) CHARACTER SET utf8mb4 COLLATE utf8mb4_general_ci NULL DEFAULT '' COMMENT '字典类型',
  `sort` int(11) NULL DEFAULT NULL COMMENT '排序',
  `create_by` varchar(64) CHARACTER SET utf8mb4 COLLATE utf8mb4_general_ci NULL DEFAULT '' COMMENT '创建者',
  `create_time` datetime NULL DEFAULT NULL COMMENT '创建时间',
  `update_by` varchar(64) CHARACTER SET utf8mb4 COLLATE utf8mb4_general_ci NULL DEFAULT '' COMMENT '更新者',
  `update_time` datetime NULL DEFAULT NULL COMMENT '更新时间',
  PRIMARY KEY (`column_id`) USING BTREE
) ENGINE = InnoDB AUTO_INCREMENT = 1 CHARACTER SET = utf8mb4 COLLATE = utf8mb4_general_ci COMMENT = '代码生成业务表字段' ROW_FORMAT = Compact;

-- ----------------------------
-- Records of gen_table_column
-- ----------------------------

-- ----------------------------
-- Table structure for sys_config
-- ----------------------------
DROP TABLE IF EXISTS `sys_config`;
CREATE TABLE `sys_config`  (
  `config_id` int(5) NOT NULL AUTO_INCREMENT COMMENT '参数主键',
  `config_name` varchar(100) CHARACTER SET utf8mb4 COLLATE utf8mb4_general_ci NULL DEFAULT '' COMMENT '参数名称',
  `config_key` varchar(100) CHARACTER SET utf8mb4 COLLATE utf8mb4_general_ci NULL DEFAULT '' COMMENT '参数键名',
  `config_value` varchar(500) CHARACTER SET utf8mb4 COLLATE utf8mb4_general_ci NULL DEFAULT '' COMMENT '参数键值',
  `config_type` char(1) CHARACTER SET utf8mb4 COLLATE utf8mb4_general_ci NULL DEFAULT 'N' COMMENT '系统内置（Y是 N否）',
  `create_by` varchar(64) CHARACTER SET utf8mb4 COLLATE utf8mb4_general_ci NULL DEFAULT '' COMMENT '创建者',
  `create_time` datetime NULL DEFAULT NULL COMMENT '创建时间',
  `update_by` varchar(64) CHARACTER SET utf8mb4 COLLATE utf8mb4_general_ci NULL DEFAULT '' COMMENT '更新者',
  `update_time` datetime NULL DEFAULT NULL COMMENT '更新时间',
  `remark` varchar(500) CHARACTER SET utf8mb4 COLLATE utf8mb4_general_ci NULL DEFAULT NULL COMMENT '备注',
  PRIMARY KEY (`config_id`) USING BTREE
) ENGINE = InnoDB AUTO_INCREMENT = 100 CHARACTER SET = utf8mb4 COLLATE = utf8mb4_general_ci COMMENT = '参数配置表' ROW_FORMAT = Compact;

-- ----------------------------
-- Records of sys_config
-- ----------------------------
INSERT INTO `sys_config` VALUES (1, '主框架页-默认皮肤样式名称', 'sys.index.skinName', 'skin-blue', 'Y', 'admin', '2023-04-18 11:16:55', '', NULL, '蓝色 skin-blue、绿色 skin-green、紫色 skin-purple、红色 skin-red、黄色 skin-yellow');
INSERT INTO `sys_config` VALUES (2, '用户管理-账号初始密码', 'sys.user.initPassword', '123456', 'Y', 'admin', '2023-04-18 11:16:55', '', NULL, '初始化密码 123456');
INSERT INTO `sys_config` VALUES (3, '主框架页-侧边栏主题', 'sys.index.sideTheme', 'theme-dark', 'Y', 'admin', '2023-04-18 11:16:55', '', NULL, '深色主题theme-dark，浅色主题theme-light');
INSERT INTO `sys_config` VALUES (4, '账号自助-验证码开关', 'sys.account.captchaEnabled', 'false', 'Y', 'admin', '2023-04-18 11:16:55', 'admin', '2023-04-18 13:37:16', '是否开启验证码功能（true开启，false关闭）');
INSERT INTO `sys_config` VALUES (5, '账号自助-是否开启用户注册功能', 'sys.account.registerUser', 'false', 'Y', 'admin', '2023-04-18 11:16:55', '', NULL, '是否开启注册用户功能（true开启，false关闭）');
INSERT INTO `sys_config` VALUES (6, '用户登录-黑名单列表', 'sys.login.blackIPList', '', 'Y', 'admin', '2023-04-18 11:16:55', '', NULL, '设置登录IP黑名单限制，多个匹配项以;分隔，支持匹配（*通配、网段）');

-- ----------------------------
-- Table structure for sys_dept
-- ----------------------------
DROP TABLE IF EXISTS `sys_dept`;
CREATE TABLE `sys_dept`  (
  `dept_id` bigint(20) NOT NULL AUTO_INCREMENT COMMENT '部门id',
  `parent_id` bigint(20) NULL DEFAULT 0 COMMENT '父部门id',
  `ancestors` varchar(50) CHARACTER SET utf8mb4 COLLATE utf8mb4_general_ci NULL DEFAULT '' COMMENT '祖级列表',
  `dept_name` varchar(30) CHARACTER SET utf8mb4 COLLATE utf8mb4_general_ci NULL DEFAULT '' COMMENT '部门名称',
  `order_num` int(4) NULL DEFAULT 0 COMMENT '显示顺序',
  `leader` varchar(20) CHARACTER SET utf8mb4 COLLATE utf8mb4_general_ci NULL DEFAULT NULL COMMENT '负责人',
  `phone` varchar(11) CHARACTER SET utf8mb4 COLLATE utf8mb4_general_ci NULL DEFAULT NULL COMMENT '联系电话',
  `email` varchar(50) CHARACTER SET utf8mb4 COLLATE utf8mb4_general_ci NULL DEFAULT NULL COMMENT '邮箱',
  `status` char(1) CHARACTER SET utf8mb4 COLLATE utf8mb4_general_ci NULL DEFAULT '0' COMMENT '部门状态（0正常 1停用）',
  `del_flag` char(1) CHARACTER SET utf8mb4 COLLATE utf8mb4_general_ci NULL DEFAULT '0' COMMENT '删除标志（0代表存在 2代表删除）',
  `create_by` varchar(64) CHARACTER SET utf8mb4 COLLATE utf8mb4_general_ci NULL DEFAULT '' COMMENT '创建者',
  `create_time` datetime NULL DEFAULT NULL COMMENT '创建时间',
  `update_by` varchar(64) CHARACTER SET utf8mb4 COLLATE utf8mb4_general_ci NULL DEFAULT '' COMMENT '更新者',
  `update_time` datetime NULL DEFAULT NULL COMMENT '更新时间',
  PRIMARY KEY (`dept_id`) USING BTREE
) ENGINE = InnoDB AUTO_INCREMENT = 200 CHARACTER SET = utf8mb4 COLLATE = utf8mb4_general_ci COMMENT = '部门表' ROW_FORMAT = Compact;

-- ----------------------------
-- Records of sys_dept
-- ----------------------------
INSERT INTO `sys_dept` VALUES (100, 0, '0', '若依科技', 0, '若依', '15888888888', 'ry@qq.com', '0', '0', 'admin', '2023-04-18 11:16:55', '', NULL);
INSERT INTO `sys_dept` VALUES (101, 100, '0,100', '深圳总公司', 1, '若依', '15888888888', 'ry@qq.com', '0', '0', 'admin', '2023-04-18 11:16:55', '', NULL);
INSERT INTO `sys_dept` VALUES (102, 100, '0,100', '长沙分公司', 2, '若依', '15888888888', 'ry@qq.com', '0', '0', 'admin', '2023-04-18 11:16:55', '', NULL);
INSERT INTO `sys_dept` VALUES (103, 101, '0,100,101', '研发部门', 1, '若依', '15888888888', 'ry@qq.com', '0', '0', 'admin', '2023-04-18 11:16:55', '', NULL);
INSERT INTO `sys_dept` VALUES (104, 101, '0,100,101', '市场部门', 2, '若依', '15888888888', 'ry@qq.com', '0', '0', 'admin', '2023-04-18 11:16:55', '', NULL);
INSERT INTO `sys_dept` VALUES (105, 101, '0,100,101', '测试部门', 3, '若依', '15888888888', 'ry@qq.com', '0', '0', 'admin', '2023-04-18 11:16:55', '', NULL);
INSERT INTO `sys_dept` VALUES (106, 101, '0,100,101', '财务部门', 4, '若依', '15888888888', 'ry@qq.com', '0', '0', 'admin', '2023-04-18 11:16:55', '', NULL);
INSERT INTO `sys_dept` VALUES (107, 101, '0,100,101', '运维部门', 5, '若依', '15888888888', 'ry@qq.com', '0', '0', 'admin', '2023-04-18 11:16:55', '', NULL);
INSERT INTO `sys_dept` VALUES (108, 102, '0,100,102', '市场部门', 1, '若依', '15888888888', 'ry@qq.com', '0', '0', 'admin', '2023-04-18 11:16:55', '', NULL);
INSERT INTO `sys_dept` VALUES (109, 102, '0,100,102', '财务部门', 2, '若依', '15888888888', 'ry@qq.com', '0', '0', 'admin', '2023-04-18 11:16:55', '', NULL);

-- ----------------------------
-- Table structure for sys_dict_data
-- ----------------------------
DROP TABLE IF EXISTS `sys_dict_data`;
CREATE TABLE `sys_dict_data`  (
  `dict_code` bigint(20) NOT NULL AUTO_INCREMENT COMMENT '字典编码',
  `dict_sort` int(4) NULL DEFAULT 0 COMMENT '字典排序',
  `dict_label` varchar(100) CHARACTER SET utf8mb4 COLLATE utf8mb4_general_ci NULL DEFAULT '' COMMENT '字典标签',
  `dict_value` varchar(100) CHARACTER SET utf8mb4 COLLATE utf8mb4_general_ci NULL DEFAULT '' COMMENT '字典键值',
  `dict_type` varchar(100) CHARACTER SET utf8mb4 COLLATE utf8mb4_general_ci NULL DEFAULT '' COMMENT '字典类型',
  `css_class` varchar(100) CHARACTER SET utf8mb4 COLLATE utf8mb4_general_ci NULL DEFAULT NULL COMMENT '样式属性（其他样式扩展）',
  `list_class` varchar(100) CHARACTER SET utf8mb4 COLLATE utf8mb4_general_ci NULL DEFAULT NULL COMMENT '表格回显样式',
  `is_default` char(1) CHARACTER SET utf8mb4 COLLATE utf8mb4_general_ci NULL DEFAULT 'N' COMMENT '是否默认（Y是 N否）',
  `status` char(1) CHARACTER SET utf8mb4 COLLATE utf8mb4_general_ci NULL DEFAULT '0' COMMENT '状态（0正常 1停用）',
  `create_by` varchar(64) CHARACTER SET utf8mb4 COLLATE utf8mb4_general_ci NULL DEFAULT '' COMMENT '创建者',
  `create_time` datetime NULL DEFAULT NULL COMMENT '创建时间',
  `update_by` varchar(64) CHARACTER SET utf8mb4 COLLATE utf8mb4_general_ci NULL DEFAULT '' COMMENT '更新者',
  `update_time` datetime NULL DEFAULT NULL COMMENT '更新时间',
  `remark` varchar(500) CHARACTER SET utf8mb4 COLLATE utf8mb4_general_ci NULL DEFAULT NULL COMMENT '备注',
  PRIMARY KEY (`dict_code`) USING BTREE
) ENGINE = InnoDB AUTO_INCREMENT = 106 CHARACTER SET = utf8mb4 COLLATE = utf8mb4_general_ci COMMENT = '字典数据表' ROW_FORMAT = Compact;

-- ----------------------------
-- Records of sys_dict_data
-- ----------------------------
INSERT INTO `sys_dict_data` VALUES (1, 1, '男', '0', 'sys_user_sex', '', '', 'Y', '0', 'admin', '2023-04-18 11:16:55', '', NULL, '性别男');
INSERT INTO `sys_dict_data` VALUES (2, 2, '女', '1', 'sys_user_sex', '', '', 'N', '0', 'admin', '2023-04-18 11:16:55', '', NULL, '性别女');
INSERT INTO `sys_dict_data` VALUES (3, 3, '未知', '2', 'sys_user_sex', '', '', 'N', '0', 'admin', '2023-04-18 11:16:55', '', NULL, '性别未知');
INSERT INTO `sys_dict_data` VALUES (4, 1, '显示', '0', 'sys_show_hide', '', 'primary', 'Y', '0', 'admin', '2023-04-18 11:16:55', '', NULL, '显示菜单');
INSERT INTO `sys_dict_data` VALUES (5, 2, '隐藏', '1', 'sys_show_hide', '', 'danger', 'N', '0', 'admin', '2023-04-18 11:16:55', '', NULL, '隐藏菜单');
INSERT INTO `sys_dict_data` VALUES (6, 1, '正常', '0', 'sys_normal_disable', '', 'primary', 'Y', '0', 'admin', '2023-04-18 11:16:55', '', NULL, '正常状态');
INSERT INTO `sys_dict_data` VALUES (7, 2, '停用', '1', 'sys_normal_disable', '', 'danger', 'N', '0', 'admin', '2023-04-18 11:16:55', '', NULL, '停用状态');
INSERT INTO `sys_dict_data` VALUES (8, 1, '正常', '0', 'sys_job_status', '', 'primary', 'Y', '0', 'admin', '2023-04-18 11:16:55', '', NULL, '正常状态');
INSERT INTO `sys_dict_data` VALUES (9, 2, '暂停', '1', 'sys_job_status', '', 'danger', 'N', '0', 'admin', '2023-04-18 11:16:55', '', NULL, '停用状态');
INSERT INTO `sys_dict_data` VALUES (10, 1, '默认', 'DEFAULT', 'sys_job_group', '', '', 'Y', '0', 'admin', '2023-04-18 11:16:55', '', NULL, '默认分组');
INSERT INTO `sys_dict_data` VALUES (11, 2, '系统', 'SYSTEM', 'sys_job_group', '', '', 'N', '0', 'admin', '2023-04-18 11:16:55', '', NULL, '系统分组');
INSERT INTO `sys_dict_data` VALUES (12, 1, '是', 'Y', 'sys_yes_no', '', 'primary', 'Y', '0', 'admin', '2023-04-18 11:16:55', '', NULL, '系统默认是');
INSERT INTO `sys_dict_data` VALUES (13, 2, '否', 'N', 'sys_yes_no', '', 'danger', 'N', '0', 'admin', '2023-04-18 11:16:55', '', NULL, '系统默认否');
INSERT INTO `sys_dict_data` VALUES (14, 1, '通知', '1', 'sys_notice_type', '', 'warning', 'Y', '0', 'admin', '2023-04-18 11:16:55', '', NULL, '通知');
INSERT INTO `sys_dict_data` VALUES (15, 2, '公告', '2', 'sys_notice_type', '', 'success', 'N', '0', 'admin', '2023-04-18 11:16:55', '', NULL, '公告');
INSERT INTO `sys_dict_data` VALUES (16, 1, '正常', '0', 'sys_notice_status', '', 'primary', 'Y', '0', 'admin', '2023-04-18 11:16:55', '', NULL, '正常状态');
INSERT INTO `sys_dict_data` VALUES (17, 2, '关闭', '1', 'sys_notice_status', '', 'danger', 'N', '0', 'admin', '2023-04-18 11:16:55', '', NULL, '关闭状态');
INSERT INTO `sys_dict_data` VALUES (18, 99, '其他', '0', 'sys_oper_type', '', 'info', 'N', '0', 'admin', '2023-04-18 11:16:55', '', NULL, '其他操作');
INSERT INTO `sys_dict_data` VALUES (19, 1, '新增', '1', 'sys_oper_type', '', 'info', 'N', '0', 'admin', '2023-04-18 11:16:55', '', NULL, '新增操作');
INSERT INTO `sys_dict_data` VALUES (20, 2, '修改', '2', 'sys_oper_type', '', 'info', 'N', '0', 'admin', '2023-04-18 11:16:55', '', NULL, '修改操作');
INSERT INTO `sys_dict_data` VALUES (21, 3, '删除', '3', 'sys_oper_type', '', 'danger', 'N', '0', 'admin', '2023-04-18 11:16:55', '', NULL, '删除操作');
INSERT INTO `sys_dict_data` VALUES (22, 4, '授权', '4', 'sys_oper_type', '', 'primary', 'N', '0', 'admin', '2023-04-18 11:16:55', '', NULL, '授权操作');
INSERT INTO `sys_dict_data` VALUES (23, 5, '导出', '5', 'sys_oper_type', '', 'warning', 'N', '0', 'admin', '2023-04-18 11:16:55', '', NULL, '导出操作');
INSERT INTO `sys_dict_data` VALUES (24, 6, '导入', '6', 'sys_oper_type', '', 'warning', 'N', '0', 'admin', '2023-04-18 11:16:55', '', NULL, '导入操作');
INSERT INTO `sys_dict_data` VALUES (25, 7, '强退', '7', 'sys_oper_type', '', 'danger', 'N', '0', 'admin', '2023-04-18 11:16:55', '', NULL, '强退操作');
INSERT INTO `sys_dict_data` VALUES (26, 8, '生成代码', '8', 'sys_oper_type', '', 'warning', 'N', '0', 'admin', '2023-04-18 11:16:55', '', NULL, '生成操作');
INSERT INTO `sys_dict_data` VALUES (27, 9, '清空数据', '9', 'sys_oper_type', '', 'danger', 'N', '0', 'admin', '2023-04-18 11:16:55', '', NULL, '清空操作');
INSERT INTO `sys_dict_data` VALUES (28, 1, '成功', '0', 'sys_common_status', '', 'primary', 'N', '0', 'admin', '2023-04-18 11:16:55', '', NULL, '正常状态');
INSERT INTO `sys_dict_data` VALUES (29, 2, '失败', '1', 'sys_common_status', '', 'danger', 'N', '0', 'admin', '2023-04-18 11:16:55', '', NULL, '停用状态');
INSERT INTO `sys_dict_data` VALUES (100, 1, '进行中', '0', 'activiti_flow_type', NULL, NULL, 'N', '0', 'admin', '2020-10-28 00:03:42', 'admin', '2020-10-28 22:40:58', NULL);
INSERT INTO `sys_dict_data` VALUES (101, 2, '成功', '1', 'activiti_flow_type', NULL, NULL, 'N', '0', 'admin', '2020-10-28 00:03:50', 'admin', '2020-10-28 22:41:09', NULL);
INSERT INTO `sys_dict_data` VALUES (102, 3, '失败', '2', 'activiti_flow_type', NULL, NULL, 'N', '0', 'admin', '2020-10-28 00:04:02', 'admin', '2020-10-28 22:41:17', NULL);
INSERT INTO `sys_dict_data` VALUES (103, 1, '年假', '年假', 'activiti_leave_type', NULL, NULL, 'N', '0', 'admin', '2020-10-28 00:07:14', 'admin', '2020-11-04 17:41:02', NULL);
INSERT INTO `sys_dict_data` VALUES (104, 2, '病假', '病假', 'activiti_leave_type', NULL, NULL, 'N', '0', 'admin', '2020-10-28 00:07:27', 'admin', '2020-11-04 17:41:07', NULL);
INSERT INTO `sys_dict_data` VALUES (105, 3, '事假', '事假', 'activiti_leave_type', NULL, NULL, 'N', '0', 'admin', '2020-10-28 00:07:48', 'admin', '2020-11-04 17:41:12', NULL);

-- ----------------------------
-- Table structure for sys_dict_type
-- ----------------------------
DROP TABLE IF EXISTS `sys_dict_type`;
CREATE TABLE `sys_dict_type`  (
  `dict_id` bigint(20) NOT NULL AUTO_INCREMENT COMMENT '字典主键',
  `dict_name` varchar(100) CHARACTER SET utf8mb4 COLLATE utf8mb4_general_ci NULL DEFAULT '' COMMENT '字典名称',
  `dict_type` varchar(100) CHARACTER SET utf8mb4 COLLATE utf8mb4_general_ci NULL DEFAULT '' COMMENT '字典类型',
  `status` char(1) CHARACTER SET utf8mb4 COLLATE utf8mb4_general_ci NULL DEFAULT '0' COMMENT '状态（0正常 1停用）',
  `create_by` varchar(64) CHARACTER SET utf8mb4 COLLATE utf8mb4_general_ci NULL DEFAULT '' COMMENT '创建者',
  `create_time` datetime NULL DEFAULT NULL COMMENT '创建时间',
  `update_by` varchar(64) CHARACTER SET utf8mb4 COLLATE utf8mb4_general_ci NULL DEFAULT '' COMMENT '更新者',
  `update_time` datetime NULL DEFAULT NULL COMMENT '更新时间',
  `remark` varchar(500) CHARACTER SET utf8mb4 COLLATE utf8mb4_general_ci NULL DEFAULT NULL COMMENT '备注',
  PRIMARY KEY (`dict_id`) USING BTREE,
  UNIQUE INDEX `dict_type`(`dict_type`) USING BTREE
) ENGINE = InnoDB AUTO_INCREMENT = 102 CHARACTER SET = utf8mb4 COLLATE = utf8mb4_general_ci COMMENT = '字典类型表' ROW_FORMAT = Compact;

-- ----------------------------
-- Records of sys_dict_type
-- ----------------------------
INSERT INTO `sys_dict_type` VALUES (1, '用户性别', 'sys_user_sex', '0', 'admin', '2023-04-18 11:16:55', '', NULL, '用户性别列表');
INSERT INTO `sys_dict_type` VALUES (2, '菜单状态', 'sys_show_hide', '0', 'admin', '2023-04-18 11:16:55', '', NULL, '菜单状态列表');
INSERT INTO `sys_dict_type` VALUES (3, '系统开关', 'sys_normal_disable', '0', 'admin', '2023-04-18 11:16:55', '', NULL, '系统开关列表');
INSERT INTO `sys_dict_type` VALUES (4, '任务状态', 'sys_job_status', '0', 'admin', '2023-04-18 11:16:55', '', NULL, '任务状态列表');
INSERT INTO `sys_dict_type` VALUES (5, '任务分组', 'sys_job_group', '0', 'admin', '2023-04-18 11:16:55', '', NULL, '任务分组列表');
INSERT INTO `sys_dict_type` VALUES (6, '系统是否', 'sys_yes_no', '0', 'admin', '2023-04-18 11:16:55', '', NULL, '系统是否列表');
INSERT INTO `sys_dict_type` VALUES (7, '通知类型', 'sys_notice_type', '0', 'admin', '2023-04-18 11:16:55', '', NULL, '通知类型列表');
INSERT INTO `sys_dict_type` VALUES (8, '通知状态', 'sys_notice_status', '0', 'admin', '2023-04-18 11:16:55', '', NULL, '通知状态列表');
INSERT INTO `sys_dict_type` VALUES (9, '操作类型', 'sys_oper_type', '0', 'admin', '2023-04-18 11:16:55', '', NULL, '操作类型列表');
INSERT INTO `sys_dict_type` VALUES (10, '系统状态', 'sys_common_status', '0', 'admin', '2023-04-18 11:16:55', '', NULL, '登录状态列表');
INSERT INTO `sys_dict_type` VALUES (100, 'OA状态', 'activiti_flow_type', '0', 'admin', '2020-10-28 00:01:56', 'admin', '2020-10-28 00:02:43', 'OA流程状态');
INSERT INTO `sys_dict_type` VALUES (101, '请假类型', 'activiti_leave_type', '0', 'admin', '2020-10-28 00:06:10', 'admin', '2020-10-28 00:06:34', NULL);

-- ----------------------------
-- Table structure for sys_job
-- ----------------------------
DROP TABLE IF EXISTS `sys_job`;
CREATE TABLE `sys_job`  (
  `job_id` bigint(20) NOT NULL AUTO_INCREMENT COMMENT '任务ID',
  `job_name` varchar(64) CHARACTER SET utf8mb4 COLLATE utf8mb4_general_ci NOT NULL DEFAULT '' COMMENT '任务名称',
  `job_group` varchar(64) CHARACTER SET utf8mb4 COLLATE utf8mb4_general_ci NOT NULL DEFAULT 'DEFAULT' COMMENT '任务组名',
  `invoke_target` varchar(500) CHARACTER SET utf8mb4 COLLATE utf8mb4_general_ci NOT NULL COMMENT '调用目标字符串',
  `cron_expression` varchar(255) CHARACTER SET utf8mb4 COLLATE utf8mb4_general_ci NULL DEFAULT '' COMMENT 'cron执行表达式',
  `misfire_policy` varchar(20) CHARACTER SET utf8mb4 COLLATE utf8mb4_general_ci NULL DEFAULT '3' COMMENT '计划执行错误策略（1立即执行 2执行一次 3放弃执行）',
  `concurrent` char(1) CHARACTER SET utf8mb4 COLLATE utf8mb4_general_ci NULL DEFAULT '1' COMMENT '是否并发执行（0允许 1禁止）',
  `status` char(1) CHARACTER SET utf8mb4 COLLATE utf8mb4_general_ci NULL DEFAULT '0' COMMENT '状态（0正常 1暂停）',
  `create_by` varchar(64) CHARACTER SET utf8mb4 COLLATE utf8mb4_general_ci NULL DEFAULT '' COMMENT '创建者',
  `create_time` datetime NULL DEFAULT NULL COMMENT '创建时间',
  `update_by` varchar(64) CHARACTER SET utf8mb4 COLLATE utf8mb4_general_ci NULL DEFAULT '' COMMENT '更新者',
  `update_time` datetime NULL DEFAULT NULL COMMENT '更新时间',
  `remark` varchar(500) CHARACTER SET utf8mb4 COLLATE utf8mb4_general_ci NULL DEFAULT '' COMMENT '备注信息',
  PRIMARY KEY (`job_id`, `job_name`, `job_group`) USING BTREE
) ENGINE = InnoDB AUTO_INCREMENT = 100 CHARACTER SET = utf8mb4 COLLATE = utf8mb4_general_ci COMMENT = '定时任务调度表' ROW_FORMAT = Compact;

-- ----------------------------
-- Records of sys_job
-- ----------------------------
INSERT INTO `sys_job` VALUES (1, '系统默认（无参）', 'DEFAULT', 'ryTask.ryNoParams', '0/10 * * * * ?', '3', '1', '1', 'admin', '2023-04-18 11:16:55', '', NULL, '');
INSERT INTO `sys_job` VALUES (2, '系统默认（有参）', 'DEFAULT', 'ryTask.ryParams(\'ry\')', '0/15 * * * * ?', '3', '1', '1', 'admin', '2023-04-18 11:16:55', '', NULL, '');
INSERT INTO `sys_job` VALUES (3, '系统默认（多参）', 'DEFAULT', 'ryTask.ryMultipleParams(\'ry\', true, 2000L, 316.50D, 100)', '0/20 * * * * ?', '3', '1', '1', 'admin', '2023-04-18 11:16:55', '', NULL, '');

-- ----------------------------
-- Table structure for sys_job_log
-- ----------------------------
DROP TABLE IF EXISTS `sys_job_log`;
CREATE TABLE `sys_job_log`  (
  `job_log_id` bigint(20) NOT NULL AUTO_INCREMENT COMMENT '任务日志ID',
  `job_name` varchar(64) CHARACTER SET utf8mb4 COLLATE utf8mb4_general_ci NOT NULL COMMENT '任务名称',
  `job_group` varchar(64) CHARACTER SET utf8mb4 COLLATE utf8mb4_general_ci NOT NULL COMMENT '任务组名',
  `invoke_target` varchar(500) CHARACTER SET utf8mb4 COLLATE utf8mb4_general_ci NOT NULL COMMENT '调用目标字符串',
  `job_message` varchar(500) CHARACTER SET utf8mb4 COLLATE utf8mb4_general_ci NULL DEFAULT NULL COMMENT '日志信息',
  `status` char(1) CHARACTER SET utf8mb4 COLLATE utf8mb4_general_ci NULL DEFAULT '0' COMMENT '执行状态（0正常 1失败）',
  `exception_info` varchar(2000) CHARACTER SET utf8mb4 COLLATE utf8mb4_general_ci NULL DEFAULT '' COMMENT '异常信息',
  `create_time` datetime NULL DEFAULT NULL COMMENT '创建时间',
  PRIMARY KEY (`job_log_id`) USING BTREE
) ENGINE = InnoDB AUTO_INCREMENT = 1 CHARACTER SET = utf8mb4 COLLATE = utf8mb4_general_ci COMMENT = '定时任务调度日志表' ROW_FORMAT = Compact;

-- ----------------------------
-- Records of sys_job_log
-- ----------------------------

-- ----------------------------
-- Table structure for sys_logininfor
-- ----------------------------
DROP TABLE IF EXISTS `sys_logininfor`;
CREATE TABLE `sys_logininfor`  (
  `info_id` bigint(20) NOT NULL AUTO_INCREMENT COMMENT '访问ID',
  `user_name` varchar(50) CHARACTER SET utf8mb4 COLLATE utf8mb4_general_ci NULL DEFAULT '' COMMENT '用户账号',
  `ipaddr` varchar(128) CHARACTER SET utf8mb4 COLLATE utf8mb4_general_ci NULL DEFAULT '' COMMENT '登录IP地址',
  `login_location` varchar(255) CHARACTER SET utf8mb4 COLLATE utf8mb4_general_ci NULL DEFAULT '' COMMENT '登录地点',
  `browser` varchar(50) CHARACTER SET utf8mb4 COLLATE utf8mb4_general_ci NULL DEFAULT '' COMMENT '浏览器类型',
  `os` varchar(50) CHARACTER SET utf8mb4 COLLATE utf8mb4_general_ci NULL DEFAULT '' COMMENT '操作系统',
  `status` char(1) CHARACTER SET utf8mb4 COLLATE utf8mb4_general_ci NULL DEFAULT '0' COMMENT '登录状态（0成功 1失败）',
  `msg` varchar(255) CHARACTER SET utf8mb4 COLLATE utf8mb4_general_ci NULL DEFAULT '' COMMENT '提示消息',
  `login_time` datetime NULL DEFAULT NULL COMMENT '访问时间',
  PRIMARY KEY (`info_id`) USING BTREE,
  INDEX `idx_sys_logininfor_s`(`status`) USING BTREE,
  INDEX `idx_sys_logininfor_lt`(`login_time`) USING BTREE
) ENGINE = InnoDB AUTO_INCREMENT = 152 CHARACTER SET = utf8mb4 COLLATE = utf8mb4_general_ci COMMENT = '系统访问记录' ROW_FORMAT = Compact;

-- ----------------------------
-- Records of sys_logininfor
-- ----------------------------
INSERT INTO `sys_logininfor` VALUES (100, 'admin', '127.0.0.1', '内网IP', 'Chrome 11', 'Windows 10', '0', '登录成功', '2023-04-18 13:36:45');
INSERT INTO `sys_logininfor` VALUES (101, 'admin', '127.0.0.1', '内网IP', 'Chrome 11', 'Windows 10', '0', '退出成功', '2023-04-18 13:58:27');
INSERT INTO `sys_logininfor` VALUES (102, 'admin', '127.0.0.1', '内网IP', 'Chrome 11', 'Windows 10', '0', '登录成功', '2023-04-18 13:59:00');
INSERT INTO `sys_logininfor` VALUES (103, 'admin', '127.0.0.1', '内网IP', 'Chrome 11', 'Windows 10', '0', '退出成功', '2023-04-18 14:05:27');
INSERT INTO `sys_logininfor` VALUES (104, 'zhoucang', '127.0.0.1', '内网IP', 'Chrome 11', 'Windows 10', '0', '登录成功', '2023-04-18 14:05:36');
INSERT INTO `sys_logininfor` VALUES (105, 'zhoucang', '127.0.0.1', '内网IP', 'Chrome 11', 'Windows 10', '0', '退出成功', '2023-04-18 14:05:46');
INSERT INTO `sys_logininfor` VALUES (106, 'admin', '127.0.0.1', '内网IP', 'Chrome 11', 'Windows 10', '0', '登录成功', '2023-04-18 14:05:48');
INSERT INTO `sys_logininfor` VALUES (107, 'admin', '127.0.0.1', '内网IP', 'Chrome 11', 'Windows 10', '0', '退出成功', '2023-04-18 14:12:36');
INSERT INTO `sys_logininfor` VALUES (108, 'zhoucang', '127.0.0.1', '内网IP', 'Chrome 11', 'Windows 10', '0', '登录成功', '2023-04-18 14:12:45');
INSERT INTO `sys_logininfor` VALUES (109, 'guanyu', '127.0.0.1', '内网IP', 'Chrome 11', 'Windows 10', '0', '登录成功', '2023-04-18 14:14:04');
INSERT INTO `sys_logininfor` VALUES (110, 'zhoucang', '127.0.0.1', '内网IP', 'Chrome 11', 'Windows 10', '0', '退出成功', '2023-04-18 14:15:50');
INSERT INTO `sys_logininfor` VALUES (111, 'admin', '127.0.0.1', '内网IP', 'Chrome 11', 'Windows 10', '0', '登录成功', '2023-04-18 14:15:53');
INSERT INTO `sys_logininfor` VALUES (112, 'admin', '127.0.0.1', '内网IP', 'Chrome 11', 'Windows 10', '0', '退出成功', '2023-04-18 15:08:14');
INSERT INTO `sys_logininfor` VALUES (113, 'admin', '127.0.0.1', '内网IP', 'Chrome 11', 'Windows 10', '0', '登录成功', '2023-04-18 15:08:35');
INSERT INTO `sys_logininfor` VALUES (114, 'admin', '127.0.0.1', '内网IP', 'Chrome 11', 'Windows 10', '0', '登录成功', '2023-04-18 15:09:32');
INSERT INTO `sys_logininfor` VALUES (115, 'admin', '127.0.0.1', '内网IP', 'Chrome 11', 'Windows 10', '0', '退出成功', '2023-04-18 15:09:43');
INSERT INTO `sys_logininfor` VALUES (116, 'admin', '127.0.0.1', '内网IP', 'Chrome 11', 'Windows 10', '0', '登录成功', '2023-04-18 15:09:45');
INSERT INTO `sys_logininfor` VALUES (117, 'admin', '127.0.0.1', '内网IP', 'Chrome 11', 'Windows 10', '0', '登录成功', '2023-04-18 15:11:30');
INSERT INTO `sys_logininfor` VALUES (118, 'admin', '127.0.0.1', '内网IP', 'Chrome 11', 'Windows 10', '0', '退出成功', '2023-04-18 15:20:48');
INSERT INTO `sys_logininfor` VALUES (119, 'guanyu', '127.0.0.1', '内网IP', 'Chrome 11', 'Windows 10', '0', '登录成功', '2023-04-18 15:21:09');
INSERT INTO `sys_logininfor` VALUES (120, 'admin', '127.0.0.1', '内网IP', 'Chrome 11', 'Windows 10', '0', '登录成功', '2023-04-18 15:44:50');
INSERT INTO `sys_logininfor` VALUES (121, 'admin', '127.0.0.1', '内网IP', 'Chrome 11', 'Windows 10', '0', '退出成功', '2023-04-18 15:56:44');
INSERT INTO `sys_logininfor` VALUES (122, 'admin', '127.0.0.1', '内网IP', 'Chrome 11', 'Windows 10', '0', '登录成功', '2023-04-18 15:56:47');
INSERT INTO `sys_logininfor` VALUES (123, 'admin', '127.0.0.1', '内网IP', 'Chrome 11', 'Windows 10', '0', '退出成功', '2023-04-18 15:57:01');
INSERT INTO `sys_logininfor` VALUES (124, 'zhoucang', '127.0.0.1', '内网IP', 'Chrome 11', 'Windows 10', '0', '登录成功', '2023-04-18 15:57:09');
INSERT INTO `sys_logininfor` VALUES (125, 'guanyu', '127.0.0.1', '内网IP', 'Chrome 11', 'Windows 10', '0', '退出成功', '2023-04-18 15:59:54');
INSERT INTO `sys_logininfor` VALUES (126, 'guanyu', '127.0.0.1', '内网IP', 'Chrome 11', 'Windows 10', '0', '登录成功', '2023-04-18 16:00:03');
INSERT INTO `sys_logininfor` VALUES (127, 'guanyu', '127.0.0.1', '内网IP', 'Chrome 11', 'Windows 10', '0', '退出成功', '2023-04-18 16:03:07');
INSERT INTO `sys_logininfor` VALUES (128, 'zhugeliang', '127.0.0.1', '内网IP', 'Chrome 11', 'Windows 10', '0', '登录成功', '2023-04-18 16:03:16');
INSERT INTO `sys_logininfor` VALUES (129, 'zhugeliang', '127.0.0.1', '内网IP', 'Chrome 11', 'Windows 10', '0', '退出成功', '2023-04-18 16:06:05');
INSERT INTO `sys_logininfor` VALUES (130, 'guanyu', '127.0.0.1', '内网IP', 'Chrome 11', 'Windows 10', '0', '登录成功', '2023-04-18 16:06:13');
INSERT INTO `sys_logininfor` VALUES (131, 'guanyu', '127.0.0.1', '内网IP', 'Chrome 11', 'Windows 10', '0', '退出成功', '2023-04-18 16:08:10');
INSERT INTO `sys_logininfor` VALUES (132, 'zhugeliang', '127.0.0.1', '内网IP', 'Chrome 11', 'Windows 10', '0', '登录成功', '2023-04-18 16:08:20');
INSERT INTO `sys_logininfor` VALUES (133, 'zhoucang', '127.0.0.1', '内网IP', 'Chrome 11', 'Windows 10', '0', '退出成功', '2023-04-18 16:08:29');
INSERT INTO `sys_logininfor` VALUES (134, 'admin', '127.0.0.1', '内网IP', 'Chrome 11', 'Windows 10', '0', '登录成功', '2023-04-18 16:08:31');
INSERT INTO `sys_logininfor` VALUES (135, 'admin', '127.0.0.1', '内网IP', 'Chrome 11', 'Windows 10', '0', '退出成功', '2023-04-18 16:16:31');
INSERT INTO `sys_logininfor` VALUES (136, 'zhoucang', '127.0.0.1', '内网IP', 'Chrome 11', 'Windows 10', '0', '登录成功', '2023-04-18 16:17:02');
INSERT INTO `sys_logininfor` VALUES (137, 'zhugeliang', '127.0.0.1', '内网IP', 'Chrome 11', 'Windows 10', '0', '退出成功', '2023-04-18 16:17:25');
INSERT INTO `sys_logininfor` VALUES (138, 'guanyu', '127.0.0.1', '内网IP', 'Chrome 11', 'Windows 10', '0', '登录成功', '2023-04-18 16:17:35');
INSERT INTO `sys_logininfor` VALUES (139, 'guanyu', '127.0.0.1', '内网IP', 'Chrome 11', 'Windows 10', '0', '退出成功', '2023-04-18 16:18:31');
INSERT INTO `sys_logininfor` VALUES (140, 'zhugeliang', '127.0.0.1', '内网IP', 'Chrome 11', 'Windows 10', '0', '登录成功', '2023-04-18 16:18:40');
INSERT INTO `sys_logininfor` VALUES (141, 'zhugeliang', '127.0.0.1', '内网IP', 'Chrome 11', 'Windows 10', '0', '退出成功', '2023-04-18 16:21:04');
INSERT INTO `sys_logininfor` VALUES (142, 'zhugeliang', '127.0.0.1', '内网IP', 'Chrome 11', 'Windows 10', '0', '登录成功', '2023-04-18 16:21:17');
INSERT INTO `sys_logininfor` VALUES (143, 'zhugeliang', '127.0.0.1', '内网IP', 'Chrome 11', 'Windows 10', '0', '退出成功', '2023-04-18 16:22:35');
INSERT INTO `sys_logininfor` VALUES (144, 'zhugeliang', '127.0.0.1', '内网IP', 'Chrome 11', 'Windows 10', '0', '登录成功', '2023-04-18 16:22:44');
INSERT INTO `sys_logininfor` VALUES (145, 'zhugeliang', '127.0.0.1', '内网IP', 'Chrome 11', 'Windows 10', '0', '退出成功', '2023-04-18 16:24:11');
INSERT INTO `sys_logininfor` VALUES (146, 'admin', '127.0.0.1', '内网IP', 'Chrome 11', 'Windows 10', '0', '登录成功', '2023-04-18 16:24:15');
INSERT INTO `sys_logininfor` VALUES (147, 'admin', '127.0.0.1', '内网IP', 'Chrome 11', 'Windows 10', '0', '退出成功', '2023-04-18 16:24:23');
INSERT INTO `sys_logininfor` VALUES (148, 'zhoucang', '127.0.0.1', '内网IP', 'Chrome 11', 'Windows 10', '0', '退出成功', '2023-04-18 16:26:29');
INSERT INTO `sys_logininfor` VALUES (149, 'admin', '127.0.0.1', '内网IP', 'Chrome 11', 'Windows 10', '0', '登录成功', '2023-04-18 16:26:32');
INSERT INTO `sys_logininfor` VALUES (150, 'zhugeliagn', '127.0.0.1', '内网IP', 'Chrome 11', 'Windows 10', '1', '登录用户：zhugeliagn 不存在', '2023-04-18 16:27:05');
INSERT INTO `sys_logininfor` VALUES (151, 'zhugeliang', '127.0.0.1', '内网IP', 'Chrome 11', 'Windows 10', '0', '登录成功', '2023-04-18 16:27:10');

-- ----------------------------
-- Table structure for sys_menu
-- ----------------------------
DROP TABLE IF EXISTS `sys_menu`;
CREATE TABLE `sys_menu`  (
  `menu_id` bigint(20) NOT NULL AUTO_INCREMENT COMMENT '菜单ID',
  `menu_name` varchar(50) CHARACTER SET utf8mb4 COLLATE utf8mb4_general_ci NOT NULL COMMENT '菜单名称',
  `parent_id` bigint(20) NULL DEFAULT 0 COMMENT '父菜单ID',
  `order_num` int(4) NULL DEFAULT 0 COMMENT '显示顺序',
  `path` varchar(200) CHARACTER SET utf8mb4 COLLATE utf8mb4_general_ci NULL DEFAULT '' COMMENT '路由地址',
  `component` varchar(255) CHARACTER SET utf8mb4 COLLATE utf8mb4_general_ci NULL DEFAULT NULL COMMENT '组件路径',
  `query` varchar(255) CHARACTER SET utf8mb4 COLLATE utf8mb4_general_ci NULL DEFAULT NULL COMMENT '路由参数',
  `is_frame` int(1) NULL DEFAULT 1 COMMENT '是否为外链（0是 1否）',
  `is_cache` int(1) NULL DEFAULT 0 COMMENT '是否缓存（0缓存 1不缓存）',
  `menu_type` char(1) CHARACTER SET utf8mb4 COLLATE utf8mb4_general_ci NULL DEFAULT '' COMMENT '菜单类型（M目录 C菜单 F按钮）',
  `visible` char(1) CHARACTER SET utf8mb4 COLLATE utf8mb4_general_ci NULL DEFAULT '0' COMMENT '菜单状态（0显示 1隐藏）',
  `status` char(1) CHARACTER SET utf8mb4 COLLATE utf8mb4_general_ci NULL DEFAULT '0' COMMENT '菜单状态（0正常 1停用）',
  `perms` varchar(100) CHARACTER SET utf8mb4 COLLATE utf8mb4_general_ci NULL DEFAULT NULL COMMENT '权限标识',
  `icon` varchar(100) CHARACTER SET utf8mb4 COLLATE utf8mb4_general_ci NULL DEFAULT '#' COMMENT '菜单图标',
  `create_by` varchar(64) CHARACTER SET utf8mb4 COLLATE utf8mb4_general_ci NULL DEFAULT '' COMMENT '创建者',
  `create_time` datetime NULL DEFAULT NULL COMMENT '创建时间',
  `update_by` varchar(64) CHARACTER SET utf8mb4 COLLATE utf8mb4_general_ci NULL DEFAULT '' COMMENT '更新者',
  `update_time` datetime NULL DEFAULT NULL COMMENT '更新时间',
  `remark` varchar(500) CHARACTER SET utf8mb4 COLLATE utf8mb4_general_ci NULL DEFAULT '' COMMENT '备注',
  PRIMARY KEY (`menu_id`) USING BTREE
) ENGINE = InnoDB AUTO_INCREMENT = 2011 CHARACTER SET = utf8mb4 COLLATE = utf8mb4_general_ci COMMENT = '菜单权限表' ROW_FORMAT = Compact;

-- ----------------------------
-- Records of sys_menu
-- ----------------------------
INSERT INTO `sys_menu` VALUES (1, '系统管理', 0, 1, 'system', NULL, '', 1, 0, 'M', '0', '0', '', 'system', 'admin', '2023-04-18 11:16:55', '', NULL, '系统管理目录');
INSERT INTO `sys_menu` VALUES (2, '系统监控', 0, 2, 'monitor', NULL, '', 1, 0, 'M', '0', '0', '', 'monitor', 'admin', '2023-04-18 11:16:55', '', NULL, '系统监控目录');
INSERT INTO `sys_menu` VALUES (3, '系统工具', 0, 3, 'tool', NULL, '', 1, 0, 'M', '0', '0', '', 'tool', 'admin', '2023-04-18 11:16:55', '', NULL, '系统工具目录');
INSERT INTO `sys_menu` VALUES (4, '若依官网', 0, 4, 'http://ruoyi.vip', NULL, '', 0, 0, 'M', '0', '0', '', 'guide', 'admin', '2023-04-18 11:16:55', '', NULL, '若依官网地址');
INSERT INTO `sys_menu` VALUES (5, '流程菜单', 0, 4, 'activiti', NULL, '', 1, 0, 'M', '0', '0', 'activiti:modeler:list', 'cascader', 'admin', '2020-09-13 21:58:54', '', NULL, '');
INSERT INTO `sys_menu` VALUES (100, '用户管理', 1, 1, 'user', 'system/user/index', '', 1, 0, 'C', '0', '0', 'system:user:list', 'user', 'admin', '2023-04-18 11:16:55', '', NULL, '用户管理菜单');
INSERT INTO `sys_menu` VALUES (101, '角色管理', 1, 2, 'role', 'system/role/index', '', 1, 0, 'C', '0', '0', 'system:role:list', 'peoples', 'admin', '2023-04-18 11:16:55', '', NULL, '角色管理菜单');
INSERT INTO `sys_menu` VALUES (102, '菜单管理', 1, 3, 'menu', 'system/menu/index', '', 1, 0, 'C', '0', '0', 'system:menu:list', 'tree-table', 'admin', '2023-04-18 11:16:55', '', NULL, '菜单管理菜单');
INSERT INTO `sys_menu` VALUES (103, '部门管理', 1, 4, 'dept', 'system/dept/index', '', 1, 0, 'C', '0', '0', 'system:dept:list', 'tree', 'admin', '2023-04-18 11:16:55', '', NULL, '部门管理菜单');
INSERT INTO `sys_menu` VALUES (104, '岗位管理', 1, 5, 'post', 'system/post/index', '', 1, 0, 'C', '0', '0', 'system:post:list', 'post', 'admin', '2023-04-18 11:16:55', '', NULL, '岗位管理菜单');
INSERT INTO `sys_menu` VALUES (105, '字典管理', 1, 6, 'dict', 'system/dict/index', '', 1, 0, 'C', '0', '0', 'system:dict:list', 'dict', 'admin', '2023-04-18 11:16:55', '', NULL, '字典管理菜单');
INSERT INTO `sys_menu` VALUES (106, '参数设置', 1, 7, 'config', 'system/config/index', '', 1, 0, 'C', '0', '0', 'system:config:list', 'edit', 'admin', '2023-04-18 11:16:55', '', NULL, '参数设置菜单');
INSERT INTO `sys_menu` VALUES (107, '通知公告', 1, 8, 'notice', 'system/notice/index', '', 1, 0, 'C', '0', '0', 'system:notice:list', 'message', 'admin', '2023-04-18 11:16:55', '', NULL, '通知公告菜单');
INSERT INTO `sys_menu` VALUES (108, '日志管理', 1, 9, 'log', '', '', 1, 0, 'M', '0', '0', '', 'log', 'admin', '2023-04-18 11:16:55', '', NULL, '日志管理菜单');
INSERT INTO `sys_menu` VALUES (109, '在线用户', 2, 1, 'online', 'monitor/online/index', '', 1, 0, 'C', '0', '0', 'monitor:online:list', 'online', 'admin', '2023-04-18 11:16:55', '', NULL, '在线用户菜单');
INSERT INTO `sys_menu` VALUES (110, '定时任务', 2, 2, 'job', 'monitor/job/index', '', 1, 0, 'C', '0', '0', 'monitor:job:list', 'job', 'admin', '2023-04-18 11:16:55', '', NULL, '定时任务菜单');
INSERT INTO `sys_menu` VALUES (111, '数据监控', 2, 3, 'druid', 'monitor/druid/index', '', 1, 0, 'C', '0', '0', 'monitor:druid:list', 'druid', 'admin', '2023-04-18 11:16:55', '', NULL, '数据监控菜单');
INSERT INTO `sys_menu` VALUES (112, '服务监控', 2, 4, 'server', 'monitor/server/index', '', 1, 0, 'C', '0', '0', 'monitor:server:list', 'server', 'admin', '2023-04-18 11:16:55', '', NULL, '服务监控菜单');
INSERT INTO `sys_menu` VALUES (113, '缓存监控', 2, 5, 'cache', 'monitor/cache/index', '', 1, 0, 'C', '0', '0', 'monitor:cache:list', 'redis', 'admin', '2023-04-18 11:16:55', '', NULL, '缓存监控菜单');
INSERT INTO `sys_menu` VALUES (114, '缓存列表', 2, 6, 'cacheList', 'monitor/cache/list', '', 1, 0, 'C', '0', '0', 'monitor:cache:list', 'redis-list', 'admin', '2023-04-18 11:16:55', '', NULL, '缓存列表菜单');
INSERT INTO `sys_menu` VALUES (115, '表单构建', 3, 1, 'build', 'tool/build/index', '', 1, 0, 'C', '0', '0', 'tool:build:list', 'build', 'admin', '2023-04-18 11:16:55', '', NULL, '表单构建菜单');
INSERT INTO `sys_menu` VALUES (116, '代码生成', 3, 2, 'gen', 'tool/gen/index', '', 1, 0, 'C', '0', '0', 'tool:gen:list', 'code', 'admin', '2023-04-18 11:16:55', '', NULL, '代码生成菜单');
INSERT INTO `sys_menu` VALUES (117, '系统接口', 3, 3, 'swagger', 'tool/swagger/index', '', 1, 0, 'C', '0', '0', 'tool:swagger:list', 'swagger', 'admin', '2023-04-18 11:16:55', '', NULL, '系统接口菜单');
INSERT INTO `sys_menu` VALUES (500, '操作日志', 108, 1, 'operlog', 'monitor/operlog/index', '', 1, 0, 'C', '0', '0', 'monitor:operlog:list', 'form', 'admin', '2023-04-18 11:16:55', '', NULL, '操作日志菜单');
INSERT INTO `sys_menu` VALUES (501, '登录日志', 108, 2, 'logininfor', 'monitor/logininfor/index', '', 1, 0, 'C', '0', '0', 'monitor:logininfor:list', 'logininfor', 'admin', '2023-04-18 11:16:55', '', NULL, '登录日志菜单');
INSERT INTO `sys_menu` VALUES (1000, '用户查询', 100, 1, '', '', '', 1, 0, 'F', '0', '0', 'system:user:query', '#', 'admin', '2023-04-18 11:16:55', '', NULL, '');
INSERT INTO `sys_menu` VALUES (1001, '用户新增', 100, 2, '', '', '', 1, 0, 'F', '0', '0', 'system:user:add', '#', 'admin', '2023-04-18 11:16:55', '', NULL, '');
INSERT INTO `sys_menu` VALUES (1002, '用户修改', 100, 3, '', '', '', 1, 0, 'F', '0', '0', 'system:user:edit', '#', 'admin', '2023-04-18 11:16:55', '', NULL, '');
INSERT INTO `sys_menu` VALUES (1003, '用户删除', 100, 4, '', '', '', 1, 0, 'F', '0', '0', 'system:user:remove', '#', 'admin', '2023-04-18 11:16:55', '', NULL, '');
INSERT INTO `sys_menu` VALUES (1004, '用户导出', 100, 5, '', '', '', 1, 0, 'F', '0', '0', 'system:user:export', '#', 'admin', '2023-04-18 11:16:55', '', NULL, '');
INSERT INTO `sys_menu` VALUES (1005, '用户导入', 100, 6, '', '', '', 1, 0, 'F', '0', '0', 'system:user:import', '#', 'admin', '2023-04-18 11:16:55', '', NULL, '');
INSERT INTO `sys_menu` VALUES (1006, '重置密码', 100, 7, '', '', '', 1, 0, 'F', '0', '0', 'system:user:resetPwd', '#', 'admin', '2023-04-18 11:16:55', '', NULL, '');
INSERT INTO `sys_menu` VALUES (1007, '角色查询', 101, 1, '', '', '', 1, 0, 'F', '0', '0', 'system:role:query', '#', 'admin', '2023-04-18 11:16:55', '', NULL, '');
INSERT INTO `sys_menu` VALUES (1008, '角色新增', 101, 2, '', '', '', 1, 0, 'F', '0', '0', 'system:role:add', '#', 'admin', '2023-04-18 11:16:55', '', NULL, '');
INSERT INTO `sys_menu` VALUES (1009, '角色修改', 101, 3, '', '', '', 1, 0, 'F', '0', '0', 'system:role:edit', '#', 'admin', '2023-04-18 11:16:55', '', NULL, '');
INSERT INTO `sys_menu` VALUES (1010, '角色删除', 101, 4, '', '', '', 1, 0, 'F', '0', '0', 'system:role:remove', '#', 'admin', '2023-04-18 11:16:55', '', NULL, '');
INSERT INTO `sys_menu` VALUES (1011, '角色导出', 101, 5, '', '', '', 1, 0, 'F', '0', '0', 'system:role:export', '#', 'admin', '2023-04-18 11:16:55', '', NULL, '');
INSERT INTO `sys_menu` VALUES (1012, '菜单查询', 102, 1, '', '', '', 1, 0, 'F', '0', '0', 'system:menu:query', '#', 'admin', '2023-04-18 11:16:55', '', NULL, '');
INSERT INTO `sys_menu` VALUES (1013, '菜单新增', 102, 2, '', '', '', 1, 0, 'F', '0', '0', 'system:menu:add', '#', 'admin', '2023-04-18 11:16:55', '', NULL, '');
INSERT INTO `sys_menu` VALUES (1014, '菜单修改', 102, 3, '', '', '', 1, 0, 'F', '0', '0', 'system:menu:edit', '#', 'admin', '2023-04-18 11:16:55', '', NULL, '');
INSERT INTO `sys_menu` VALUES (1015, '菜单删除', 102, 4, '', '', '', 1, 0, 'F', '0', '0', 'system:menu:remove', '#', 'admin', '2023-04-18 11:16:55', '', NULL, '');
INSERT INTO `sys_menu` VALUES (1016, '部门查询', 103, 1, '', '', '', 1, 0, 'F', '0', '0', 'system:dept:query', '#', 'admin', '2023-04-18 11:16:55', '', NULL, '');
INSERT INTO `sys_menu` VALUES (1017, '部门新增', 103, 2, '', '', '', 1, 0, 'F', '0', '0', 'system:dept:add', '#', 'admin', '2023-04-18 11:16:55', '', NULL, '');
INSERT INTO `sys_menu` VALUES (1018, '部门修改', 103, 3, '', '', '', 1, 0, 'F', '0', '0', 'system:dept:edit', '#', 'admin', '2023-04-18 11:16:55', '', NULL, '');
INSERT INTO `sys_menu` VALUES (1019, '部门删除', 103, 4, '', '', '', 1, 0, 'F', '0', '0', 'system:dept:remove', '#', 'admin', '2023-04-18 11:16:55', '', NULL, '');
INSERT INTO `sys_menu` VALUES (1020, '岗位查询', 104, 1, '', '', '', 1, 0, 'F', '0', '0', 'system:post:query', '#', 'admin', '2023-04-18 11:16:55', '', NULL, '');
INSERT INTO `sys_menu` VALUES (1021, '岗位新增', 104, 2, '', '', '', 1, 0, 'F', '0', '0', 'system:post:add', '#', 'admin', '2023-04-18 11:16:55', '', NULL, '');
INSERT INTO `sys_menu` VALUES (1022, '岗位修改', 104, 3, '', '', '', 1, 0, 'F', '0', '0', 'system:post:edit', '#', 'admin', '2023-04-18 11:16:55', '', NULL, '');
INSERT INTO `sys_menu` VALUES (1023, '岗位删除', 104, 4, '', '', '', 1, 0, 'F', '0', '0', 'system:post:remove', '#', 'admin', '2023-04-18 11:16:55', '', NULL, '');
INSERT INTO `sys_menu` VALUES (1024, '岗位导出', 104, 5, '', '', '', 1, 0, 'F', '0', '0', 'system:post:export', '#', 'admin', '2023-04-18 11:16:55', '', NULL, '');
INSERT INTO `sys_menu` VALUES (1025, '字典查询', 105, 1, '#', '', '', 1, 0, 'F', '0', '0', 'system:dict:query', '#', 'admin', '2023-04-18 11:16:55', '', NULL, '');
INSERT INTO `sys_menu` VALUES (1026, '字典新增', 105, 2, '#', '', '', 1, 0, 'F', '0', '0', 'system:dict:add', '#', 'admin', '2023-04-18 11:16:55', '', NULL, '');
INSERT INTO `sys_menu` VALUES (1027, '字典修改', 105, 3, '#', '', '', 1, 0, 'F', '0', '0', 'system:dict:edit', '#', 'admin', '2023-04-18 11:16:55', '', NULL, '');
INSERT INTO `sys_menu` VALUES (1028, '字典删除', 105, 4, '#', '', '', 1, 0, 'F', '0', '0', 'system:dict:remove', '#', 'admin', '2023-04-18 11:16:55', '', NULL, '');
INSERT INTO `sys_menu` VALUES (1029, '字典导出', 105, 5, '#', '', '', 1, 0, 'F', '0', '0', 'system:dict:export', '#', 'admin', '2023-04-18 11:16:55', '', NULL, '');
INSERT INTO `sys_menu` VALUES (1030, '参数查询', 106, 1, '#', '', '', 1, 0, 'F', '0', '0', 'system:config:query', '#', 'admin', '2023-04-18 11:16:55', '', NULL, '');
INSERT INTO `sys_menu` VALUES (1031, '参数新增', 106, 2, '#', '', '', 1, 0, 'F', '0', '0', 'system:config:add', '#', 'admin', '2023-04-18 11:16:55', '', NULL, '');
INSERT INTO `sys_menu` VALUES (1032, '参数修改', 106, 3, '#', '', '', 1, 0, 'F', '0', '0', 'system:config:edit', '#', 'admin', '2023-04-18 11:16:55', '', NULL, '');
INSERT INTO `sys_menu` VALUES (1033, '参数删除', 106, 4, '#', '', '', 1, 0, 'F', '0', '0', 'system:config:remove', '#', 'admin', '2023-04-18 11:16:55', '', NULL, '');
INSERT INTO `sys_menu` VALUES (1034, '参数导出', 106, 5, '#', '', '', 1, 0, 'F', '0', '0', 'system:config:export', '#', 'admin', '2023-04-18 11:16:55', '', NULL, '');
INSERT INTO `sys_menu` VALUES (1035, '公告查询', 107, 1, '#', '', '', 1, 0, 'F', '0', '0', 'system:notice:query', '#', 'admin', '2023-04-18 11:16:55', '', NULL, '');
INSERT INTO `sys_menu` VALUES (1036, '公告新增', 107, 2, '#', '', '', 1, 0, 'F', '0', '0', 'system:notice:add', '#', 'admin', '2023-04-18 11:16:55', '', NULL, '');
INSERT INTO `sys_menu` VALUES (1037, '公告修改', 107, 3, '#', '', '', 1, 0, 'F', '0', '0', 'system:notice:edit', '#', 'admin', '2023-04-18 11:16:55', '', NULL, '');
INSERT INTO `sys_menu` VALUES (1038, '公告删除', 107, 4, '#', '', '', 1, 0, 'F', '0', '0', 'system:notice:remove', '#', 'admin', '2023-04-18 11:16:55', '', NULL, '');
INSERT INTO `sys_menu` VALUES (1039, '操作查询', 500, 1, '#', '', '', 1, 0, 'F', '0', '0', 'monitor:operlog:query', '#', 'admin', '2023-04-18 11:16:55', '', NULL, '');
INSERT INTO `sys_menu` VALUES (1040, '操作删除', 500, 2, '#', '', '', 1, 0, 'F', '0', '0', 'monitor:operlog:remove', '#', 'admin', '2023-04-18 11:16:55', '', NULL, '');
INSERT INTO `sys_menu` VALUES (1041, '日志导出', 500, 3, '#', '', '', 1, 0, 'F', '0', '0', 'monitor:operlog:export', '#', 'admin', '2023-04-18 11:16:55', '', NULL, '');
INSERT INTO `sys_menu` VALUES (1042, '登录查询', 501, 1, '#', '', '', 1, 0, 'F', '0', '0', 'monitor:logininfor:query', '#', 'admin', '2023-04-18 11:16:55', '', NULL, '');
INSERT INTO `sys_menu` VALUES (1043, '登录删除', 501, 2, '#', '', '', 1, 0, 'F', '0', '0', 'monitor:logininfor:remove', '#', 'admin', '2023-04-18 11:16:55', '', NULL, '');
INSERT INTO `sys_menu` VALUES (1044, '日志导出', 501, 3, '#', '', '', 1, 0, 'F', '0', '0', 'monitor:logininfor:export', '#', 'admin', '2023-04-18 11:16:55', '', NULL, '');
INSERT INTO `sys_menu` VALUES (1045, '账户解锁', 501, 4, '#', '', '', 1, 0, 'F', '0', '0', 'monitor:logininfor:unlock', '#', 'admin', '2023-04-18 11:16:55', '', NULL, '');
INSERT INTO `sys_menu` VALUES (1046, '在线查询', 109, 1, '#', '', '', 1, 0, 'F', '0', '0', 'monitor:online:query', '#', 'admin', '2023-04-18 11:16:55', '', NULL, '');
INSERT INTO `sys_menu` VALUES (1047, '批量强退', 109, 2, '#', '', '', 1, 0, 'F', '0', '0', 'monitor:online:batchLogout', '#', 'admin', '2023-04-18 11:16:55', '', NULL, '');
INSERT INTO `sys_menu` VALUES (1048, '单条强退', 109, 3, '#', '', '', 1, 0, 'F', '0', '0', 'monitor:online:forceLogout', '#', 'admin', '2023-04-18 11:16:55', '', NULL, '');
INSERT INTO `sys_menu` VALUES (1049, '任务查询', 110, 1, '#', '', '', 1, 0, 'F', '0', '0', 'monitor:job:query', '#', 'admin', '2023-04-18 11:16:55', '', NULL, '');
INSERT INTO `sys_menu` VALUES (1050, '任务新增', 110, 2, '#', '', '', 1, 0, 'F', '0', '0', 'monitor:job:add', '#', 'admin', '2023-04-18 11:16:55', '', NULL, '');
INSERT INTO `sys_menu` VALUES (1051, '任务修改', 110, 3, '#', '', '', 1, 0, 'F', '0', '0', 'monitor:job:edit', '#', 'admin', '2023-04-18 11:16:55', '', NULL, '');
INSERT INTO `sys_menu` VALUES (1052, '任务删除', 110, 4, '#', '', '', 1, 0, 'F', '0', '0', 'monitor:job:remove', '#', 'admin', '2023-04-18 11:16:55', '', NULL, '');
INSERT INTO `sys_menu` VALUES (1053, '状态修改', 110, 5, '#', '', '', 1, 0, 'F', '0', '0', 'monitor:job:changeStatus', '#', 'admin', '2023-04-18 11:16:55', '', NULL, '');
INSERT INTO `sys_menu` VALUES (1054, '任务导出', 110, 6, '#', '', '', 1, 0, 'F', '0', '0', 'monitor:job:export', '#', 'admin', '2023-04-18 11:16:55', '', NULL, '');
INSERT INTO `sys_menu` VALUES (1055, '生成查询', 116, 1, '#', '', '', 1, 0, 'F', '0', '0', 'tool:gen:query', '#', 'admin', '2023-04-18 11:16:55', '', NULL, '');
INSERT INTO `sys_menu` VALUES (1056, '生成修改', 116, 2, '#', '', '', 1, 0, 'F', '0', '0', 'tool:gen:edit', '#', 'admin', '2023-04-18 11:16:55', '', NULL, '');
INSERT INTO `sys_menu` VALUES (1057, '生成删除', 116, 3, '#', '', '', 1, 0, 'F', '0', '0', 'tool:gen:remove', '#', 'admin', '2023-04-18 11:16:55', '', NULL, '');
INSERT INTO `sys_menu` VALUES (1058, '导入代码', 116, 4, '#', '', '', 1, 0, 'F', '0', '0', 'tool:gen:import', '#', 'admin', '2023-04-18 11:16:55', '', NULL, '');
INSERT INTO `sys_menu` VALUES (1059, '预览代码', 116, 5, '#', '', '', 1, 0, 'F', '0', '0', 'tool:gen:preview', '#', 'admin', '2023-04-18 11:16:55', '', NULL, '');
INSERT INTO `sys_menu` VALUES (1060, '生成代码', 116, 6, '#', '', '', 1, 0, 'F', '0', '0', 'tool:gen:code', '#', 'admin', '2023-04-18 11:16:55', '', NULL, '');
INSERT INTO `sys_menu` VALUES (1901, '流程定义', 5, 1, 'definition', 'activiti/definition/index', '', 1, 0, 'C', '0', '0', 'activiti:modeler', '#', 'admin', '2020-09-14 23:09:31', '', NULL, '');
INSERT INTO `sys_menu` VALUES (2000, '请假', 2008, 1, 'leave', 'workflow/leave/index', '', 1, 0, 'C', '0', '0', 'workflow:leave:list', '#', 'admin', '2020-10-28 22:30:57', 'admin', '2020-11-10 22:15:13', '请假菜单');
INSERT INTO `sys_menu` VALUES (2001, '请假查询', 2000, 1, '#', '', '', 1, 0, 'F', '0', '0', 'workflow:leave:query', '#', 'admin', '2020-10-28 22:30:57', '', NULL, '');
INSERT INTO `sys_menu` VALUES (2002, '请假新增', 2000, 2, '#', '', '', 1, 0, 'F', '0', '0', 'workflow:leave:add', '#', 'admin', '2020-10-28 22:30:57', '', NULL, '');
INSERT INTO `sys_menu` VALUES (2003, '请假修改', 2000, 3, '#', '', '', 1, 0, 'F', '0', '0', 'workflow:leave:edit', '#', 'admin', '2020-10-28 22:30:57', '', NULL, '');
INSERT INTO `sys_menu` VALUES (2004, '请假删除', 2000, 4, '#', '', '', 1, 0, 'F', '0', '0', 'workflow:leave:remove', '#', 'admin', '2020-10-28 22:30:57', '', NULL, '');
INSERT INTO `sys_menu` VALUES (2005, '请假导出', 2000, 5, '#', '', '', 1, 0, 'F', '0', '0', 'workflow:leave:export', '#', 'admin', '2020-10-28 22:30:57', '', NULL, '');
INSERT INTO `sys_menu` VALUES (2006, '待办任务', 0, 6, 'task', NULL, '', 1, 0, 'M', '0', '0', '', 'excel', 'admin', '2020-11-04 10:53:24', 'admin', '2020-11-10 22:26:46', '');
INSERT INTO `sys_menu` VALUES (2007, '代办任务', 2006, 1, 'task', 'activiti/task', '', 1, 0, 'C', '0', '0', '', '#', 'admin', '2020-11-04 10:54:28', 'admin', '2020-11-04 10:55:06', '');
INSERT INTO `sys_menu` VALUES (2008, '我的OA', 0, 5, 'OA', NULL, '', 1, 0, 'M', '0', '0', '', 'guide', 'admin', '2020-11-10 22:13:34', 'admin', '2020-11-10 22:15:29', '');
INSERT INTO `sys_menu` VALUES (2009, '历史流程', 0, 7, 'open', NULL, '', 1, 0, 'M', '0', '0', NULL, 'eye-open', 'admin', '2020-11-10 22:17:36', '', NULL, '');
INSERT INTO `sys_menu` VALUES (2010, '请假历史', 2009, 1, 'leaveAll', 'workflow/leave/leaveAll', '', 1, 0, 'C', '0', '0', 'workflow:leave:list', '#', 'admin', '2020-10-28 22:30:57', 'admin', '2020-11-10 22:45:16', '请假菜单');

-- ----------------------------
-- Table structure for sys_notice
-- ----------------------------
DROP TABLE IF EXISTS `sys_notice`;
CREATE TABLE `sys_notice`  (
  `notice_id` int(4) NOT NULL AUTO_INCREMENT COMMENT '公告ID',
  `notice_title` varchar(50) CHARACTER SET utf8mb4 COLLATE utf8mb4_general_ci NOT NULL COMMENT '公告标题',
  `notice_type` char(1) CHARACTER SET utf8mb4 COLLATE utf8mb4_general_ci NOT NULL COMMENT '公告类型（1通知 2公告）',
  `notice_content` longblob NULL COMMENT '公告内容',
  `status` char(1) CHARACTER SET utf8mb4 COLLATE utf8mb4_general_ci NULL DEFAULT '0' COMMENT '公告状态（0正常 1关闭）',
  `create_by` varchar(64) CHARACTER SET utf8mb4 COLLATE utf8mb4_general_ci NULL DEFAULT '' COMMENT '创建者',
  `create_time` datetime NULL DEFAULT NULL COMMENT '创建时间',
  `update_by` varchar(64) CHARACTER SET utf8mb4 COLLATE utf8mb4_general_ci NULL DEFAULT '' COMMENT '更新者',
  `update_time` datetime NULL DEFAULT NULL COMMENT '更新时间',
  `remark` varchar(255) CHARACTER SET utf8mb4 COLLATE utf8mb4_general_ci NULL DEFAULT NULL COMMENT '备注',
  PRIMARY KEY (`notice_id`) USING BTREE
) ENGINE = InnoDB AUTO_INCREMENT = 10 CHARACTER SET = utf8mb4 COLLATE = utf8mb4_general_ci COMMENT = '通知公告表' ROW_FORMAT = Compact;

-- ----------------------------
-- Records of sys_notice
-- ----------------------------
INSERT INTO `sys_notice` VALUES (1, '温馨提醒：2018-07-01 若依新版本发布啦', '2', 0xE696B0E78988E69CACE58685E5AEB9, '0', 'admin', '2023-04-18 11:16:55', '', NULL, '管理员');
INSERT INTO `sys_notice` VALUES (2, '维护通知：2018-07-01 若依系统凌晨维护', '1', 0xE7BBB4E68AA4E58685E5AEB9, '0', 'admin', '2023-04-18 11:16:55', '', NULL, '管理员');

-- ----------------------------
-- Table structure for sys_oper_log
-- ----------------------------
DROP TABLE IF EXISTS `sys_oper_log`;
CREATE TABLE `sys_oper_log`  (
  `oper_id` bigint(20) NOT NULL AUTO_INCREMENT COMMENT '日志主键',
  `title` varchar(50) CHARACTER SET utf8mb4 COLLATE utf8mb4_general_ci NULL DEFAULT '' COMMENT '模块标题',
  `business_type` int(2) NULL DEFAULT 0 COMMENT '业务类型（0其它 1新增 2修改 3删除）',
  `method` varchar(100) CHARACTER SET utf8mb4 COLLATE utf8mb4_general_ci NULL DEFAULT '' COMMENT '方法名称',
  `request_method` varchar(10) CHARACTER SET utf8mb4 COLLATE utf8mb4_general_ci NULL DEFAULT '' COMMENT '请求方式',
  `operator_type` int(1) NULL DEFAULT 0 COMMENT '操作类别（0其它 1后台用户 2手机端用户）',
  `oper_name` varchar(50) CHARACTER SET utf8mb4 COLLATE utf8mb4_general_ci NULL DEFAULT '' COMMENT '操作人员',
  `dept_name` varchar(50) CHARACTER SET utf8mb4 COLLATE utf8mb4_general_ci NULL DEFAULT '' COMMENT '部门名称',
  `oper_url` varchar(255) CHARACTER SET utf8mb4 COLLATE utf8mb4_general_ci NULL DEFAULT '' COMMENT '请求URL',
  `oper_ip` varchar(128) CHARACTER SET utf8mb4 COLLATE utf8mb4_general_ci NULL DEFAULT '' COMMENT '主机地址',
  `oper_location` varchar(255) CHARACTER SET utf8mb4 COLLATE utf8mb4_general_ci NULL DEFAULT '' COMMENT '操作地点',
  `oper_param` varchar(2000) CHARACTER SET utf8mb4 COLLATE utf8mb4_general_ci NULL DEFAULT '' COMMENT '请求参数',
  `json_result` varchar(2000) CHARACTER SET utf8mb4 COLLATE utf8mb4_general_ci NULL DEFAULT '' COMMENT '返回参数',
  `status` int(1) NULL DEFAULT 0 COMMENT '操作状态（0正常 1异常）',
  `error_msg` varchar(2000) CHARACTER SET utf8mb4 COLLATE utf8mb4_general_ci NULL DEFAULT '' COMMENT '错误消息',
  `oper_time` datetime NULL DEFAULT NULL COMMENT '操作时间',
  `cost_time` bigint(20) NULL DEFAULT 0 COMMENT '消耗时间',
  PRIMARY KEY (`oper_id`) USING BTREE,
  INDEX `idx_sys_oper_log_bt`(`business_type`) USING BTREE,
  INDEX `idx_sys_oper_log_s`(`status`) USING BTREE,
  INDEX `idx_sys_oper_log_ot`(`oper_time`) USING BTREE
) ENGINE = InnoDB AUTO_INCREMENT = 106 CHARACTER SET = utf8mb4 COLLATE = utf8mb4_general_ci COMMENT = '操作日志记录' ROW_FORMAT = Compact;

-- ----------------------------
-- Records of sys_oper_log
-- ----------------------------
INSERT INTO `sys_oper_log` VALUES (100, '参数管理', 2, 'com.ruoyi.web.controller.system.SysConfigController.edit()', 'PUT', 1, 'admin', NULL, '/system/config', '127.0.0.1', '内网IP', '{\"configId\":4,\"configKey\":\"sys.account.captchaEnabled\",\"configName\":\"账号自助-验证码开关\",\"configType\":\"Y\",\"configValue\":\"false\",\"createBy\":\"admin\",\"createTime\":\"2023-04-18 11:16:55\",\"params\":{},\"remark\":\"是否开启验证码功能（true开启，false关闭）\",\"updateBy\":\"admin\"}', '{\"msg\":\"操作成功\",\"code\":200}', 0, NULL, '2023-04-18 13:37:16', 156);
INSERT INTO `sys_oper_log` VALUES (101, '角色管理', 4, 'com.ruoyi.web.controller.system.SysRoleController.cancelAuthUserAll()', 'PUT', 1, 'admin', NULL, '/system/role/authUser/cancelAll', '127.0.0.1', '内网IP', '{\"roleId\":\"2\",\"userIds\":\"100\"}', '{\"msg\":\"操作成功\",\"code\":200}', 0, NULL, '2023-04-18 14:07:06', 108);
INSERT INTO `sys_oper_log` VALUES (102, '角色管理', 1, 'com.ruoyi.web.controller.system.SysRoleController.add()', 'POST', 1, 'admin', NULL, '/system/role', '127.0.0.1', '内网IP', '{\"admin\":false,\"createBy\":\"admin\",\"deptCheckStrictly\":true,\"deptIds\":[],\"flag\":false,\"menuCheckStrictly\":true,\"menuIds\":[2008,2000,2001,2002,2003,2004,2005,2006,2007],\"params\":{},\"roleId\":101,\"roleKey\":\"employee\",\"roleName\":\"员工\",\"roleSort\":0,\"status\":\"0\"}', '{\"msg\":\"操作成功\",\"code\":200}', 0, NULL, '2023-04-18 14:11:15', 260);
INSERT INTO `sys_oper_log` VALUES (103, '角色管理', 4, 'com.ruoyi.web.controller.system.SysRoleController.selectAuthUserAll()', 'PUT', 1, 'admin', NULL, '/system/role/authUser/selectAll', '127.0.0.1', '内网IP', '{\"roleId\":\"101\",\"userIds\":\"104\"}', '{\"msg\":\"操作成功\",\"code\":200}', 0, NULL, '2023-04-18 14:11:37', 50);
INSERT INTO `sys_oper_log` VALUES (104, '用户管理', 2, 'com.ruoyi.web.controller.system.SysUserController.edit()', 'PUT', 1, 'admin', NULL, '/system/user', '127.0.0.1', '内网IP', '{\"admin\":false,\"avatar\":\"\",\"createBy\":\"admin\",\"createTime\":\"2020-11-04 14:39:07\",\"delFlag\":\"0\",\"dept\":{\"ancestors\":\"0,100,101\",\"children\":[],\"deptId\":103,\"deptName\":\"研发部门\",\"leader\":\"若依\",\"orderNum\":1,\"params\":{},\"parentId\":101,\"status\":\"0\"},\"deptId\":103,\"email\":\"5@ry.com\",\"loginDate\":\"2023-04-18 14:05:36\",\"loginIp\":\"127.0.0.1\",\"nickName\":\"周仓\",\"params\":{},\"phonenumber\":\"18600000005\",\"postIds\":[4],\"roleIds\":[101],\"roles\":[{\"admin\":false,\"dataScope\":\"1\",\"deptCheckStrictly\":false,\"flag\":false,\"menuCheckStrictly\":false,\"params\":{},\"roleId\":101,\"roleKey\":\"employee\",\"roleName\":\"员工\",\"roleSort\":0,\"status\":\"0\"}],\"sex\":\"0\",\"status\":\"0\",\"updateBy\":\"admin\",\"userId\":104,\"userName\":\"zhoucang\"}', '{\"msg\":\"操作成功\",\"code\":200}', 0, NULL, '2023-04-18 14:12:12', 734);
INSERT INTO `sys_oper_log` VALUES (105, '请假', 1, 'com.ruoyi.leave.controller.WorkflowLeaveController.add()', 'POST', 1, 'zhoucang', NULL, '/workflow/leave', '127.0.0.1', '内网IP', '{\"createBy\":\"zhoucang\",\"createName\":\"周仓\",\"createTime\":\"2023-04-18 16:17:12\",\"id\":\"4f964db4-9b82-4807-a406-b82d58d9f299\",\"instanceId\":\"6b7e0201-ddc1-11ed-84b4-4ccc6a6d7a36\",\"leaveEndTime\":\"2023-04-13\",\"leaveStartTime\":\"2023-04-18\",\"params\":{},\"reason\":\"我要去学开车\",\"state\":\"0\",\"title\":\"周仓的事假申请\",\"type\":\"事假\"}', '{\"msg\":\"操作成功\",\"code\":200}', 0, NULL, '2023-04-18 16:17:12', 1079);

-- ----------------------------
-- Table structure for sys_post
-- ----------------------------
DROP TABLE IF EXISTS `sys_post`;
CREATE TABLE `sys_post`  (
  `post_id` bigint(20) NOT NULL AUTO_INCREMENT COMMENT '岗位ID',
  `post_code` varchar(64) CHARACTER SET utf8mb4 COLLATE utf8mb4_general_ci NOT NULL COMMENT '岗位编码',
  `post_name` varchar(50) CHARACTER SET utf8mb4 COLLATE utf8mb4_general_ci NOT NULL COMMENT '岗位名称',
  `post_sort` int(4) NOT NULL COMMENT '显示顺序',
  `status` char(1) CHARACTER SET utf8mb4 COLLATE utf8mb4_general_ci NOT NULL COMMENT '状态（0正常 1停用）',
  `create_by` varchar(64) CHARACTER SET utf8mb4 COLLATE utf8mb4_general_ci NULL DEFAULT '' COMMENT '创建者',
  `create_time` datetime NULL DEFAULT NULL COMMENT '创建时间',
  `update_by` varchar(64) CHARACTER SET utf8mb4 COLLATE utf8mb4_general_ci NULL DEFAULT '' COMMENT '更新者',
  `update_time` datetime NULL DEFAULT NULL COMMENT '更新时间',
  `remark` varchar(500) CHARACTER SET utf8mb4 COLLATE utf8mb4_general_ci NULL DEFAULT NULL COMMENT '备注',
  PRIMARY KEY (`post_id`) USING BTREE
) ENGINE = InnoDB AUTO_INCREMENT = 5 CHARACTER SET = utf8mb4 COLLATE = utf8mb4_general_ci COMMENT = '岗位信息表' ROW_FORMAT = Compact;

-- ----------------------------
-- Records of sys_post
-- ----------------------------
INSERT INTO `sys_post` VALUES (1, 'ceo', '董事长', 1, '0', 'admin', '2023-04-18 11:16:55', '', NULL, '');
INSERT INTO `sys_post` VALUES (2, 'se', '项目经理', 2, '0', 'admin', '2023-04-18 11:16:55', '', NULL, '');
INSERT INTO `sys_post` VALUES (3, 'hr', '人力资源', 3, '0', 'admin', '2023-04-18 11:16:55', '', NULL, '');
INSERT INTO `sys_post` VALUES (4, 'user', '普通员工', 4, '0', 'admin', '2023-04-18 11:16:55', '', NULL, '');

-- ----------------------------
-- Table structure for sys_role
-- ----------------------------
DROP TABLE IF EXISTS `sys_role`;
CREATE TABLE `sys_role`  (
  `role_id` bigint(20) NOT NULL AUTO_INCREMENT COMMENT '角色ID',
  `role_name` varchar(30) CHARACTER SET utf8mb4 COLLATE utf8mb4_general_ci NOT NULL COMMENT '角色名称',
  `role_key` varchar(100) CHARACTER SET utf8mb4 COLLATE utf8mb4_general_ci NOT NULL COMMENT '角色权限字符串',
  `role_sort` int(4) NOT NULL COMMENT '显示顺序',
  `data_scope` char(1) CHARACTER SET utf8mb4 COLLATE utf8mb4_general_ci NULL DEFAULT '1' COMMENT '数据范围（1：全部数据权限 2：自定数据权限 3：本部门数据权限 4：本部门及以下数据权限）',
  `menu_check_strictly` tinyint(1) NULL DEFAULT 1 COMMENT '菜单树选择项是否关联显示',
  `dept_check_strictly` tinyint(1) NULL DEFAULT 1 COMMENT '部门树选择项是否关联显示',
  `status` char(1) CHARACTER SET utf8mb4 COLLATE utf8mb4_general_ci NOT NULL COMMENT '角色状态（0正常 1停用）',
  `del_flag` char(1) CHARACTER SET utf8mb4 COLLATE utf8mb4_general_ci NULL DEFAULT '0' COMMENT '删除标志（0代表存在 2代表删除）',
  `create_by` varchar(64) CHARACTER SET utf8mb4 COLLATE utf8mb4_general_ci NULL DEFAULT '' COMMENT '创建者',
  `create_time` datetime NULL DEFAULT NULL COMMENT '创建时间',
  `update_by` varchar(64) CHARACTER SET utf8mb4 COLLATE utf8mb4_general_ci NULL DEFAULT '' COMMENT '更新者',
  `update_time` datetime NULL DEFAULT NULL COMMENT '更新时间',
  `remark` varchar(500) CHARACTER SET utf8mb4 COLLATE utf8mb4_general_ci NULL DEFAULT NULL COMMENT '备注',
  PRIMARY KEY (`role_id`) USING BTREE
) ENGINE = InnoDB AUTO_INCREMENT = 102 CHARACTER SET = utf8mb4 COLLATE = utf8mb4_general_ci COMMENT = '角色信息表' ROW_FORMAT = Compact;

-- ----------------------------
-- Records of sys_role
-- ----------------------------
INSERT INTO `sys_role` VALUES (1, '超级管理员', 'admin', 1, '1', 1, 1, '0', '0', 'admin', '2023-04-18 11:16:55', '', NULL, '超级管理员');
INSERT INTO `sys_role` VALUES (2, '普通角色', 'common', 2, '2', 1, 1, '0', '0', 'admin', '2023-04-18 11:16:55', '', NULL, '普通角色');
INSERT INTO `sys_role` VALUES (100, '部门历史OA', 'dept', 3, '4', 1, 1, '0', '0', 'admin', '2020-11-10 22:26:07', '', '2020-11-10 22:27:52', NULL);
INSERT INTO `sys_role` VALUES (101, '员工', 'employee', 0, '1', 1, 1, '0', '0', 'admin', '2023-04-18 14:11:14', '', NULL, NULL);

-- ----------------------------
-- Table structure for sys_role_dept
-- ----------------------------
DROP TABLE IF EXISTS `sys_role_dept`;
CREATE TABLE `sys_role_dept`  (
  `role_id` bigint(20) NOT NULL COMMENT '角色ID',
  `dept_id` bigint(20) NOT NULL COMMENT '部门ID',
  PRIMARY KEY (`role_id`, `dept_id`) USING BTREE
) ENGINE = InnoDB CHARACTER SET = utf8mb4 COLLATE = utf8mb4_general_ci COMMENT = '角色和部门关联表' ROW_FORMAT = Compact;

-- ----------------------------
-- Records of sys_role_dept
-- ----------------------------
INSERT INTO `sys_role_dept` VALUES (2, 100);
INSERT INTO `sys_role_dept` VALUES (2, 101);
INSERT INTO `sys_role_dept` VALUES (2, 105);

-- ----------------------------
-- Table structure for sys_role_menu
-- ----------------------------
DROP TABLE IF EXISTS `sys_role_menu`;
CREATE TABLE `sys_role_menu`  (
  `role_id` bigint(20) NOT NULL COMMENT '角色ID',
  `menu_id` bigint(20) NOT NULL COMMENT '菜单ID',
  PRIMARY KEY (`role_id`, `menu_id`) USING BTREE
) ENGINE = InnoDB CHARACTER SET = utf8mb4 COLLATE = utf8mb4_general_ci COMMENT = '角色和菜单关联表' ROW_FORMAT = Compact;

-- ----------------------------
-- Records of sys_role_menu
-- ----------------------------
INSERT INTO `sys_role_menu` VALUES (2, 1);
INSERT INTO `sys_role_menu` VALUES (2, 2);
INSERT INTO `sys_role_menu` VALUES (2, 3);
INSERT INTO `sys_role_menu` VALUES (2, 4);
INSERT INTO `sys_role_menu` VALUES (2, 100);
INSERT INTO `sys_role_menu` VALUES (2, 101);
INSERT INTO `sys_role_menu` VALUES (2, 102);
INSERT INTO `sys_role_menu` VALUES (2, 103);
INSERT INTO `sys_role_menu` VALUES (2, 104);
INSERT INTO `sys_role_menu` VALUES (2, 105);
INSERT INTO `sys_role_menu` VALUES (2, 106);
INSERT INTO `sys_role_menu` VALUES (2, 107);
INSERT INTO `sys_role_menu` VALUES (2, 108);
INSERT INTO `sys_role_menu` VALUES (2, 109);
INSERT INTO `sys_role_menu` VALUES (2, 110);
INSERT INTO `sys_role_menu` VALUES (2, 111);
INSERT INTO `sys_role_menu` VALUES (2, 112);
INSERT INTO `sys_role_menu` VALUES (2, 113);
INSERT INTO `sys_role_menu` VALUES (2, 114);
INSERT INTO `sys_role_menu` VALUES (2, 115);
INSERT INTO `sys_role_menu` VALUES (2, 116);
INSERT INTO `sys_role_menu` VALUES (2, 117);
INSERT INTO `sys_role_menu` VALUES (2, 500);
INSERT INTO `sys_role_menu` VALUES (2, 501);
INSERT INTO `sys_role_menu` VALUES (2, 1000);
INSERT INTO `sys_role_menu` VALUES (2, 1001);
INSERT INTO `sys_role_menu` VALUES (2, 1002);
INSERT INTO `sys_role_menu` VALUES (2, 1003);
INSERT INTO `sys_role_menu` VALUES (2, 1004);
INSERT INTO `sys_role_menu` VALUES (2, 1005);
INSERT INTO `sys_role_menu` VALUES (2, 1006);
INSERT INTO `sys_role_menu` VALUES (2, 1007);
INSERT INTO `sys_role_menu` VALUES (2, 1008);
INSERT INTO `sys_role_menu` VALUES (2, 1009);
INSERT INTO `sys_role_menu` VALUES (2, 1010);
INSERT INTO `sys_role_menu` VALUES (2, 1011);
INSERT INTO `sys_role_menu` VALUES (2, 1012);
INSERT INTO `sys_role_menu` VALUES (2, 1013);
INSERT INTO `sys_role_menu` VALUES (2, 1014);
INSERT INTO `sys_role_menu` VALUES (2, 1015);
INSERT INTO `sys_role_menu` VALUES (2, 1016);
INSERT INTO `sys_role_menu` VALUES (2, 1017);
INSERT INTO `sys_role_menu` VALUES (2, 1018);
INSERT INTO `sys_role_menu` VALUES (2, 1019);
INSERT INTO `sys_role_menu` VALUES (2, 1020);
INSERT INTO `sys_role_menu` VALUES (2, 1021);
INSERT INTO `sys_role_menu` VALUES (2, 1022);
INSERT INTO `sys_role_menu` VALUES (2, 1023);
INSERT INTO `sys_role_menu` VALUES (2, 1024);
INSERT INTO `sys_role_menu` VALUES (2, 1025);
INSERT INTO `sys_role_menu` VALUES (2, 1026);
INSERT INTO `sys_role_menu` VALUES (2, 1027);
INSERT INTO `sys_role_menu` VALUES (2, 1028);
INSERT INTO `sys_role_menu` VALUES (2, 1029);
INSERT INTO `sys_role_menu` VALUES (2, 1030);
INSERT INTO `sys_role_menu` VALUES (2, 1031);
INSERT INTO `sys_role_menu` VALUES (2, 1032);
INSERT INTO `sys_role_menu` VALUES (2, 1033);
INSERT INTO `sys_role_menu` VALUES (2, 1034);
INSERT INTO `sys_role_menu` VALUES (2, 1035);
INSERT INTO `sys_role_menu` VALUES (2, 1036);
INSERT INTO `sys_role_menu` VALUES (2, 1037);
INSERT INTO `sys_role_menu` VALUES (2, 1038);
INSERT INTO `sys_role_menu` VALUES (2, 1039);
INSERT INTO `sys_role_menu` VALUES (2, 1040);
INSERT INTO `sys_role_menu` VALUES (2, 1041);
INSERT INTO `sys_role_menu` VALUES (2, 1042);
INSERT INTO `sys_role_menu` VALUES (2, 1043);
INSERT INTO `sys_role_menu` VALUES (2, 1044);
INSERT INTO `sys_role_menu` VALUES (2, 1045);
INSERT INTO `sys_role_menu` VALUES (2, 1046);
INSERT INTO `sys_role_menu` VALUES (2, 1047);
INSERT INTO `sys_role_menu` VALUES (2, 1048);
INSERT INTO `sys_role_menu` VALUES (2, 1049);
INSERT INTO `sys_role_menu` VALUES (2, 1050);
INSERT INTO `sys_role_menu` VALUES (2, 1051);
INSERT INTO `sys_role_menu` VALUES (2, 1052);
INSERT INTO `sys_role_menu` VALUES (2, 1053);
INSERT INTO `sys_role_menu` VALUES (2, 1054);
INSERT INTO `sys_role_menu` VALUES (2, 1055);
INSERT INTO `sys_role_menu` VALUES (2, 1056);
INSERT INTO `sys_role_menu` VALUES (2, 1057);
INSERT INTO `sys_role_menu` VALUES (2, 1058);
INSERT INTO `sys_role_menu` VALUES (2, 1059);
INSERT INTO `sys_role_menu` VALUES (2, 1060);
INSERT INTO `sys_role_menu` VALUES (100, 2000);
INSERT INTO `sys_role_menu` VALUES (100, 2001);
INSERT INTO `sys_role_menu` VALUES (100, 2002);
INSERT INTO `sys_role_menu` VALUES (100, 2003);
INSERT INTO `sys_role_menu` VALUES (100, 2004);
INSERT INTO `sys_role_menu` VALUES (100, 2005);
INSERT INTO `sys_role_menu` VALUES (100, 2006);
INSERT INTO `sys_role_menu` VALUES (100, 2007);
INSERT INTO `sys_role_menu` VALUES (100, 2008);
INSERT INTO `sys_role_menu` VALUES (100, 2009);
INSERT INTO `sys_role_menu` VALUES (100, 2010);
INSERT INTO `sys_role_menu` VALUES (101, 2000);
INSERT INTO `sys_role_menu` VALUES (101, 2001);
INSERT INTO `sys_role_menu` VALUES (101, 2002);
INSERT INTO `sys_role_menu` VALUES (101, 2003);
INSERT INTO `sys_role_menu` VALUES (101, 2004);
INSERT INTO `sys_role_menu` VALUES (101, 2005);
INSERT INTO `sys_role_menu` VALUES (101, 2006);
INSERT INTO `sys_role_menu` VALUES (101, 2007);
INSERT INTO `sys_role_menu` VALUES (101, 2008);

-- ----------------------------
-- Table structure for sys_user
-- ----------------------------
DROP TABLE IF EXISTS `sys_user`;
CREATE TABLE `sys_user`  (
  `user_id` bigint(20) NOT NULL AUTO_INCREMENT COMMENT '用户ID',
  `dept_id` bigint(20) NULL DEFAULT NULL COMMENT '部门ID',
  `user_name` varchar(30) CHARACTER SET utf8mb4 COLLATE utf8mb4_general_ci NOT NULL COMMENT '用户账号',
  `nick_name` varchar(30) CHARACTER SET utf8mb4 COLLATE utf8mb4_general_ci NOT NULL COMMENT '用户昵称',
  `user_type` varchar(2) CHARACTER SET utf8mb4 COLLATE utf8mb4_general_ci NULL DEFAULT '00' COMMENT '用户类型（00系统用户）',
  `email` varchar(50) CHARACTER SET utf8mb4 COLLATE utf8mb4_general_ci NULL DEFAULT '' COMMENT '用户邮箱',
  `phonenumber` varchar(11) CHARACTER SET utf8mb4 COLLATE utf8mb4_general_ci NULL DEFAULT '' COMMENT '手机号码',
  `sex` char(1) CHARACTER SET utf8mb4 COLLATE utf8mb4_general_ci NULL DEFAULT '0' COMMENT '用户性别（0男 1女 2未知）',
  `avatar` varchar(100) CHARACTER SET utf8mb4 COLLATE utf8mb4_general_ci NULL DEFAULT '' COMMENT '头像地址',
  `password` varchar(100) CHARACTER SET utf8mb4 COLLATE utf8mb4_general_ci NULL DEFAULT '' COMMENT '密码',
  `status` char(1) CHARACTER SET utf8mb4 COLLATE utf8mb4_general_ci NULL DEFAULT '0' COMMENT '帐号状态（0正常 1停用）',
  `del_flag` char(1) CHARACTER SET utf8mb4 COLLATE utf8mb4_general_ci NULL DEFAULT '0' COMMENT '删除标志（0代表存在 2代表删除）',
  `login_ip` varchar(128) CHARACTER SET utf8mb4 COLLATE utf8mb4_general_ci NULL DEFAULT '' COMMENT '最后登录IP',
  `login_date` datetime NULL DEFAULT NULL COMMENT '最后登录时间',
  `create_by` varchar(64) CHARACTER SET utf8mb4 COLLATE utf8mb4_general_ci NULL DEFAULT '' COMMENT '创建者',
  `create_time` datetime NULL DEFAULT NULL COMMENT '创建时间',
  `update_by` varchar(64) CHARACTER SET utf8mb4 COLLATE utf8mb4_general_ci NULL DEFAULT '' COMMENT '更新者',
  `update_time` datetime NULL DEFAULT NULL COMMENT '更新时间',
  `remark` varchar(500) CHARACTER SET utf8mb4 COLLATE utf8mb4_general_ci NULL DEFAULT NULL COMMENT '备注',
  PRIMARY KEY (`user_id`) USING BTREE
) ENGINE = InnoDB AUTO_INCREMENT = 105 CHARACTER SET = utf8mb4 COLLATE = utf8mb4_general_ci COMMENT = '用户信息表' ROW_FORMAT = Compact;

-- ----------------------------
-- Records of sys_user
-- ----------------------------
INSERT INTO `sys_user` VALUES (1, 103, 'admin', '若依', '00', 'ry@163.com', '15888888888', '1', '', '$2a$10$7JB720yubVSZvUI0rEqK/.VqGOZTH.ulu33dHOiBE8ByOhJIrdAu2', '0', '0', '127.0.0.1', '2023-04-18 16:26:32', 'admin', '2023-04-18 11:16:55', '', '2023-04-18 16:26:32', '管理员');
INSERT INTO `sys_user` VALUES (2, 105, 'ry', '若依', '00', 'ry@qq.com', '15666666666', '1', '', '$2a$10$7JB720yubVSZvUI0rEqK/.VqGOZTH.ulu33dHOiBE8ByOhJIrdAu2', '0', '0', '127.0.0.1', '2023-04-18 11:16:55', 'admin', '2023-04-18 11:16:55', '', NULL, '测试员');
INSERT INTO `sys_user` VALUES (100, 103, 'guanxing', '关兴', '00', '1@ry.com', '18600000001', '0', '', '$2a$10$ekiSpWpUVv8/WuUS1up8XuNah.FVbJ5ZC9XdvqWxBE5qc2qP6KF6W', '0', '0', '', NULL, 'admin', '2020-11-04 14:39:07', 'admin', '2020-11-10 22:29:48', NULL);
INSERT INTO `sys_user` VALUES (101, 103, 'guanyu', '关羽', '00', '2@ry.com', '18600000002', '0', '', '$2a$10$CT.xyhiTacc9V.X8YFfdDeaU68Li9C9MNpAssJ/W4v.1MC.AtiOsa', '0', '0', '127.0.0.1', '2023-04-18 16:17:36', 'admin', '2020-11-04 14:40:43', 'admin', '2023-04-18 16:17:35', NULL);
INSERT INTO `sys_user` VALUES (102, 100, 'zhugeliang', '诸葛亮', '00', '3@ry.com', '18600000003', '0', '', '$2a$10$iOYs0XUxmyOF5PDxNGyNt.qf6.LpUzBPRBhbIAwlmrN7lgjjBd0KO', '0', '0', '127.0.0.1', '2023-04-18 16:27:11', 'admin', '2020-11-04 14:41:37', 'admin', '2023-04-18 16:27:10', NULL);
INSERT INTO `sys_user` VALUES (103, 103, 'zhaoyun', '赵云', '00', '4@ry.com', '18600000004', '0', '', '$2a$10$JILiC3cILDSk0EgDprEr9OS1pNxp9fM8vuXBC.VRxds.bwHFE/gba', '0', '0', '', NULL, 'admin', '2020-11-08 15:52:30', 'admin', '2020-11-10 22:30:44', NULL);
INSERT INTO `sys_user` VALUES (104, 103, 'zhoucang', '周仓', '00', '5@ry.com', '18600000005', '0', '', '$2a$10$ekiSpWpUVv8/WuUS1up8XuNah.FVbJ5ZC9XdvqWxBE5qc2qP6KF6W', '0', '0', '127.0.0.1', '2023-04-18 16:16:43', 'admin', '2020-11-04 14:39:07', 'admin', '2023-04-18 16:16:43', NULL);

-- ----------------------------
-- Table structure for sys_user_post
-- ----------------------------
DROP TABLE IF EXISTS `sys_user_post`;
CREATE TABLE `sys_user_post`  (
  `user_id` bigint(20) NOT NULL COMMENT '用户ID',
  `post_id` bigint(20) NOT NULL COMMENT '岗位ID',
  PRIMARY KEY (`user_id`, `post_id`) USING BTREE
) ENGINE = InnoDB CHARACTER SET = utf8mb4 COLLATE = utf8mb4_general_ci COMMENT = '用户与岗位关联表' ROW_FORMAT = Compact;

-- ----------------------------
-- Records of sys_user_post
-- ----------------------------
INSERT INTO `sys_user_post` VALUES (1, 1);
INSERT INTO `sys_user_post` VALUES (2, 2);
INSERT INTO `sys_user_post` VALUES (100, 4);
INSERT INTO `sys_user_post` VALUES (101, 2);
INSERT INTO `sys_user_post` VALUES (102, 3);
INSERT INTO `sys_user_post` VALUES (103, 2);
INSERT INTO `sys_user_post` VALUES (104, 4);

-- ----------------------------
-- Table structure for sys_user_role
-- ----------------------------
DROP TABLE IF EXISTS `sys_user_role`;
CREATE TABLE `sys_user_role`  (
  `user_id` bigint(20) NOT NULL COMMENT '用户ID',
  `role_id` bigint(20) NOT NULL COMMENT '角色ID',
  PRIMARY KEY (`user_id`, `role_id`) USING BTREE
) ENGINE = InnoDB CHARACTER SET = utf8mb4 COLLATE = utf8mb4_general_ci COMMENT = '用户和角色关联表' ROW_FORMAT = Compact;

-- ----------------------------
-- Records of sys_user_role
-- ----------------------------
INSERT INTO `sys_user_role` VALUES (1, 1);
INSERT INTO `sys_user_role` VALUES (2, 2);
INSERT INTO `sys_user_role` VALUES (101, 100);
INSERT INTO `sys_user_role` VALUES (102, 100);
INSERT INTO `sys_user_role` VALUES (103, 100);
INSERT INTO `sys_user_role` VALUES (104, 101);

-- ----------------------------
-- Table structure for workflow_leave
-- ----------------------------
DROP TABLE IF EXISTS `workflow_leave`;
CREATE TABLE `workflow_leave`  (
  `id` varchar(36) CHARACTER SET utf8 COLLATE utf8_general_ci NOT NULL COMMENT '主键ID',
  `type` char(36) CHARACTER SET utf8 COLLATE utf8_general_ci NULL DEFAULT NULL COMMENT '请假类型',
  `title` varchar(100) CHARACTER SET utf8 COLLATE utf8_general_ci NULL DEFAULT NULL COMMENT '标题',
  `reason` varchar(500) CHARACTER SET utf8 COLLATE utf8_general_ci NULL DEFAULT NULL COMMENT '原因',
  `leave_start_time` date NULL DEFAULT NULL COMMENT '开始时间',
  `leave_end_time` date NULL DEFAULT NULL COMMENT '结束时间',
  `attachment_link` varchar(2048) CHARACTER SET utf8 COLLATE utf8_general_ci NULL DEFAULT NULL COMMENT '附件',
  `instance_id` varchar(36) CHARACTER SET utf8 COLLATE utf8_general_ci NULL DEFAULT NULL COMMENT '流程实例ID',
  `state` char(1) CHARACTER SET utf8 COLLATE utf8_general_ci NULL DEFAULT NULL COMMENT '状态',
  `create_name` varchar(36) CHARACTER SET utf8 COLLATE utf8_general_ci NULL DEFAULT NULL COMMENT '创建者名称',
  `create_by` varchar(64) CHARACTER SET utf8 COLLATE utf8_general_ci NULL DEFAULT '' COMMENT '创建者',
  `create_time` datetime NULL DEFAULT NULL COMMENT '创建时间',
  `update_time` datetime NULL DEFAULT NULL COMMENT '更新时间',
  PRIMARY KEY (`id`) USING BTREE
) ENGINE = InnoDB CHARACTER SET = utf8 COLLATE = utf8_general_ci COMMENT = '请假' ROW_FORMAT = DYNAMIC;

-- ----------------------------
-- Records of workflow_leave
-- ----------------------------
INSERT INTO `workflow_leave` VALUES ('12595686-f84a-4e60-a482-aa23cfb076f5', '年假', 'zhoucang的年假申请', '我想玩', '2023-04-18', '2023-04-23', NULL, 'd28e7faa-dd8b-11ed-a2d6-4ccc6a6d7a36', '2', '周仓', 'zhoucang', '2023-04-18 09:53:33', '2023-04-18 16:27:54');
INSERT INTO `workflow_leave` VALUES ('3d43af64-01fb-4ec2-84a0-b722220b4eae', '病假', '周仓的病假申请', '头痛', '2023-04-19', '2023-04-19', NULL, '1905a47e-dd91-11ed-a2d6-4ccc6a6d7a36', '2', '周仓', 'zhoucang', '2023-04-18 10:31:19', '2023-04-18 10:43:02');
INSERT INTO `workflow_leave` VALUES ('4f964db4-9b82-4807-a406-b82d58d9f299', '事假', '周仓的事假申请', '我要去学开车', '2023-04-18', '2023-04-13', NULL, '6b7e0201-ddc1-11ed-84b4-4ccc6a6d7a36', '0', '周仓', 'zhoucang', '2023-04-18 16:17:13', NULL);
INSERT INTO `workflow_leave` VALUES ('56c0a03a-8c47-4449-8572-b8c45ac22075', '事假', '的事假申请', '我想玩', '2023-04-18', '2023-04-23', NULL, '147a74c4-dd8d-11ed-a2d6-4ccc6a6d7a36', '0', '周仓', 'zhoucang', '2023-04-18 10:02:33', '2023-04-18 09:59:57');
INSERT INTO `workflow_leave` VALUES ('c1724794-6f06-483c-9b0d-c34ac8699a89', '年假', 'zhoucang的年假申请', '我想玩', '2023-04-18', '2023-04-23', NULL, 'c55f1a0d-dd8b-11ed-a2d6-4ccc6a6d7a36', '2', '周仓', 'zhoucang', '2023-04-18 09:53:12', '2023-04-18 09:59:57');
INSERT INTO `workflow_leave` VALUES ('c32e3de6-8317-41e5-ac3f-dbed41d4564a', '病假', '周仓的病假申请', '肚子痛', '2023-04-18', '2023-04-18', NULL, 'fb6b0f41-dd90-11ed-a2d6-4ccc6a6d7a36', '1', '周仓', 'zhoucang', '2023-04-18 10:30:29', '2023-04-18 10:45:19');

SET FOREIGN_KEY_CHECKS = 1;
